{
  "consent": {
    "authorization_failed_msg": "प्रमाणीकरण विफल",
    "consent_request_rejected": "सहमति अनुरोध अस्वीकृत",
    "consent_request_msg": "{{clientName}} निम्नलिखित तक पहुंच का अनुरोध कर रहा है:",
    "transaction_timeout_msg": "कृपया उचित कार्यवाही करें",
    "authorize_scope": "दायरे को अधिकृत करें",
    "essential_claims": "आवश्यक दावे",
    "voluntary_claims": "स्वैच्छिक दावे",
    "cancel": "रद्द करना",
    "allow": "अनुमति देना",
    "continue": "जारी रखना",
    "resident-service": "निवासी सेवा",
    "name": "नाम",
    "given_name": "नाम",
    "middle_name": "मध्य नाम",
    "preferred_username": "उपयोगकर्ता नाम",
    "picture": "तस्वीर",
    "gender": "लिंग",
    "birthdate": "जन्म तिथि",
    "locale": "स्थान",
    "nickname": "उपनाम",
    "family_name": "परिवार का नाम",
    "zoneinfo": "क्षेत्र की जानकारी",
    "updated_at": "अद्यतन किया गया",
    "address": "पता",
    "email": "ईमेल पता",
    "email_verified": "ईमेल पता",
    "phone": "फ़ोन",
    "phone_number": "फ़ोन नंबर",
    "phone_number_verified": "फ़ोन नंबर",
    "required": "आवश्यक",
    "profile": "प्रोफ़ाइल",
    "authorize_scope_tooltip": "सेवा प्रदाता को आपकी ओर से इन संरक्षित सेवाओं तक पहुँचने की अनुमति देता है",
    "essential_claims_tooltip": "सेवा प्रदाता द्वारा आवश्यक अनिवार्य उपयोगकर्ता जानकारी",
    "voluntary_claims_tooltip": "अतिरिक्त उपयोगकर्ता जानकारी जिसे निवासी सेवा प्रदाता के साथ साझा करना चुन सकता है",
    "logo_alt": "ई-सिग्नेट",
    "Manage-Identity-Data": "पहचान डेटा को प्रबंधित करने के लिए पहुंच अनुमति दें",
    "Manage-VID": "VID को प्रबंधित करने के लिए पहुंच अनुमति दें",
    "Manage-Authentication": "प्रमाणीकरण को प्रबंधित करने के लिए पहुंच अनुमति दें",
    "Manage-Service-Requests": "सेवा अनुरोधों को प्रबंधित करने के लिए पहुंच अनुमति दें",
    "Manage-Credentials": "प्रमाणपत्रों को प्रबंधित करने के लिए पहुंच अनुमति दें",
    "individual_id": "लॉगिन में उपयोग किए गए UIN/VID"
  },
  "l1Biometrics": {
    "scan_and_verify": "स्कैन करें और सत्यापित करें",
    "sign_in_with_biometric": "बायोमेट्रिक के साथ लॉगिन करें",
    "retry": "पुन: प्रयास करें",
    "vid_label_text": "अपना वीआईडी ​​दर्ज करें",
    "vid_placeholder": "वीआईडी",
    "Face": "चेहरा",
    "Finger": "उँगलिया",
    "Iris": "आँख",
    "select_a_device": "कोई डिवाइस चुनें"
  },
  "pin": {
    "sign_in_with_pin": "पिन से लॉगिन करें",
    "remember_me": "याद रखे",
    "login": "लॉगिन करें",
    "uin_label_text": "यूआईएन",
    "pin_label_text": "पिन",
    "uin_placeholder": "यूआईएन या वीआईडी",
    "pin_placeholder": "पिन दर्ज करें"
  },
  "password": {
    "sign_in_with_password": "पासवर्ड से लॉगिन करें",
    "remember_me": "पहचाना की नहीं",
    "login": "लॉग इन करें",
    "uin_label_text": "अपना वीआईडी ​​दर्ज करें",
    "password_label_text": "पास वर्ड दर्ज करें",
    "uin_placeholder": "वीआईडी",
    "password_placeholder": "पासवर्ड"
  },
  "LoginQRCode": {
    "scan_with_wallet": "लॉग इन करने के लिए {{walletName}} ऐप से स्कैन करें",
    "dont_have_wallet": "{{walletName}} नहीं है?",
    "download_now": "अब डाउनलोड करो",
    "link_code_status": "लिंक कोड स्थिति",
    "failed": "असफल",
    "refresh": "क्यूआर कोड को रिफ्रेश करें",
    "open_wallet_app": "{{walletName}} ऐप खोले"
  },
  "otp": {
    "sign_in_with_otp": "ओटीपी के साथ लॉगिन करें",
    "resend_otp": "ओटीपी पुनः भेजें",
    "not_a_robot": "मैं रोबोट नहीं हु",
    "get_otp": "ओटीपी प्राप्त करें",
    "verify": "सत्यापित करना",
    "vid_label_text": "अपना वीआईडी ​​दर्ज करें",
    "otp_label_text": "ओटीपी",
    "vid_placeholder": "वीआईडी",
    "otp_placeholder": "1234",
    "mobile_number": "मोबाइल नंबर",
    "email_address": "ईमेल पता",
    "otp_sent_msg": "आपके पंजीकृत {{otpChannels}} पर ओटीपी भेज दिया गया है",
    "resend_otp_counter": "{{min}}:{{sec}} में ओटीपी दोबारा भेजें",
    "mobile_placeholder": "मोबाइल नंबर: {{mobileNumber}}",
    "email_placeholder": "ईमेल पता: {{emailAddress}}",
    "mobile_email_placeholder": "मोबाइल नंबर: {{mobileNumber}} और ईमेल पता: {{emailAddress}}"
  },
  "signInOption": {
    "login_option_heading": "चुनें कि आप कैसे लॉगिन करना चाहते हैं:",
    "login_with": "{{option}} से लोगिन करें",
    "PIN": "पिन",
    "Biometrics": "बायोमेट्रिक्स",
    "BIO": "बायोमेट्रिक्स",
    "QRCode": "क्यू आर कोड",
    "OTP": "ओटीपी",
    "PWD": "पासवर्ड",
    "preferred_mode_of_login": "लॉगिन का पसंदीदा तरीका चुनें",
    "more_ways_to_sign_in": "साइन इन करने के और भी तरीके"
  },
  "esignetDetails": {
    "esignet_details_heading": "Esignet प्रसिद्ध एपीआई",
    "internal_api": "आंतरिक एपीआई",
    "wellknown_api": ".प्रसिद्ध एपीआई"
  },
  "header": {
    "login_heading": "ई-सिग्नेट के साथ लॉगिन करें",
    "login_linkName": "पूर्व-पंजीकरण",
    "more_ways_to_sign_in": "साइन इन करने के और तरीके",
    "invalid_auth_factor": "अमान्य प्रमाणीकरण कारक. कृपया पुन: प्रयास करें...",
    "download_now": "अभी डाउनलोड करो",
    "logo_alt": "ई-सिग्नेट",
    "backgroud_image_alt": "ई-सिग्नेट के साथ साइन इन करें",
    "language": "भाषा"
  },
  "tabs": {
    "pin_tab_name": "पिन से साइन इन करें",
    "biometric_tab_name": "बायोमेट्रिक्स के साथ साइन इन करें"
  },
  "loadingMsgs": {
    "redirecting_msg": "पुनर्निर्देशन। कृपया प्रतीक्षा करें...",
    "link_auth_waiting": "कृपया {{walletName}} के माध्यम से प्रमाणित करें। इस पेज को रीफ्रेश न करें।",
    "authenticating_msg": "प्रमाणीकरण। कृपया प्रतीक्षा करें...",
    "scanning_devices_msg": "स्कैनिंग डिवाइस। कृपया प्रतीक्षा करें...",
    "capture_initiated_msg": "{{modality}} कैप्चर {{deviceModel}} पर शुरू किया गया",
    "sending_otp_msg": "ओटीपी भेजा जा रहा है। कृपया प्रतीक्षा करें...",
    "loading_msg": "लोड हो रहा है। कृपया प्रतीक्षा करें..."
  },
  "tooltips": {
    "vid_tooltip": "कृपया इस क्षेत्र को भरें"
  },
  "errors": {
    "no_response_msg": "कोई जवाब नहीं",
    "no_devices_found_msg": "डिवाइस नहीं मिला। कृपया कनेक्टिविटी जांचें और पुनः प्रयास करें।",
    "link_code_refresh_failed": "लोड करने में विफल",
    "link_code_status_failed": "लोड करने में विफल",
    "failed_to_link": "लिंक करने में विफल",
    "qr_code_expired": "क्यूआर कोड समाप्त हो गया",
    "authorization_failed": "अधिकृत करने में विफल",
    "device_disc_failed": "डिवाइस की खोज विफल रही",
    "device_not_found_msg": "डिवाइस नहीं मिला",
    "biometric_capture_failed_msg": "बायोमेट्रिक कैप्चर विफल",
    "authentication_failed_msg": "प्रमाणीकरण विफल हो गया",
    "send_otp_failed_msg": "ओटीपी भेजने में विफल",
    "parsing_error_msg": "पदव्याख्या करने में असमर्थ",
    "Network Error": "नेटवर्क त्रुटि",
    "invalid_request": "अमान्य अनुरोध",
    "invalid_client_id": "अमान्य_क्लाइंट_आईडी",
    "invalid_client_name": "अमान्य ग्राहक नाम",
    "invalid_uri": "अवैध यूआरएल",
    "invalid_rp_id": "अमान्य भरोसेमंद पार्टी पहचानकर्ता",
    "invalid_response_type": "अमान्य/असमर्थित प्रतिक्रिया प्रकार",
    "invalid_grant_type": "अमान्य/असमर्थित प्रतिक्रिया प्रकार",
    "invalid_scope": "अमान्य/असमर्थित कार्यक्षेत्र",
    "invalid_redirect_uri": "अमान्य रीडायरेक्ट यूआरएल",
    "invalid_display": "अमान्य/असमर्थित प्रदर्शन",
    "invalid_prompt": "अमान्य/असमर्थित यूआई संकेत",
    "invalid_assertion_type": "अमान्य/असमर्थित क्लाइंट दावा प्रकार",
    "invalid_client_auth": "अमान्य/असमर्थित क्लाइंट प्रमाणीकरण प्रकार",
    "invalid_transaction": "अमान्य लेन-देन या लेन-देन समाप्त हो गया",
    "invalid_assertion": "अमान्य ग्राहक अभिकथन",
    "invalid_acr": "अमान्य/असमर्थित प्रमाणीकरण संदर्भ वर्ग refs",
    "invalid_token": "अमान्य/समाप्त पहुंच टोकन",
    "auth_failed": "प्रमाणीकरण विफल होना",
    "auth_passed": "प्रमाणीकरण सफलता",
    "acr_amr_mapping_not_found": "एसीआर-एएमआर मैपिंग फ़ाइल नहीं मिली",
    "no_acr_registered": "कोई प्रमाणीकरण संदर्भ वर्ग संदर्भ (एसीआर) पंजीकृत नहीं है",
    "invalid_algorithm": "अमान्य/असमर्थित हैशिंग एल्गोरिथम",
    "unknown_error": "अज्ञात त्रुटि",
    "invalid_input": "अमान्य निवेश",
    "duplicate_client_id": "डुप्लिकेट क्लाइंट पहचानकर्ता",
    "invalid_claim": "अमान्य/असमर्थित उपयोगकर्ता दावे",
    "invalid_public_key": "अमान्य क्लाइंट सार्वजनिक कुंजी",
    "send_otp_failed": "भेजें-ओटीपी विफल। अमान्य/अज्ञात व्यक्तिगत आईडी।",
    "missing_header": "अनुरोध में बियरर टोकन के साथ हेडर मौजूद नहीं है: प्राधिकरण।",
    "invalid_permitted_scope": "अमान्य प्राधिकृत कार्यक्षेत्र की अनुमति",
    "invalid_identifier": "अमान्य व्यक्तिगत पहचानकर्ता प्रदान किया गया।",
    "invalid_otp_channel": "अमान्य OTP चैनल प्रदान किया गया।",
    "invalid_no_of_challenges": "अशक्त या खाली प्रमाणीकरण चुनौतियों की अनुमति नहीं है।",
    "invalid_transaction_id": "शून्य या खाली लेन-देन की अनुमति नहीं है।",
    "invalid_auth_factor_type": "शून्य या खाली प्रमाणीकरण कारक प्रकार की अनुमति नहीं है।",
    "invalid_challenge": "प्रमाणीकरण चुनौती की आवश्यकता है।",
    "invalid_status": "असमर्थित स्थिति मान प्रदान किया गया।",
    "invalid_accepted_claim": "अमान्य उपयोगकर्ता दावे स्वीकार किए गए",
    "invalid_auth_code": "अमान्य प्राधिकरण कोड प्रदान किया गया।",
    "auth_factor_mismatch": "बशर्ते प्रमाणीकरण कारक हल किए गए प्रमाणीकरण कारकों से मेल नहीं खाते।",
    "unsupported_id_format": "असमर्थित आईडी प्रारूप।",
    "link_code_gen_failed": "लिंक-कोड जनरेट करना विफल रहा. पुनः प्रयास करें।",
    "invalid_link_code": "अमान्य लिंक कोड।",
    "transaction_not_found": "लेन-देन नहीं मिला.",
    "transaction_already_linked": "लेन-देन पहले से जुड़ा हुआ है।",
    "subscription_failed": "काफ्का विषय की सदस्यता लेना विफल रहा।",
    "response_timeout": "विलंबित प्रतिक्रिया का समय समाप्त हो गया।",
    "invalid_state": "लेन-देन अमान्य स्थिति में पाया गया।",
    "authorization_failed_msg": "प्रमाणीकरण विफल",
    "consent_request_rejected": "सहमति अनुरोध अस्वीकृत",
    "invalid_bind_auth_factor_type": "अमान्य बाइंड प्रमाणन कारक प्रकार।",
    "json_processing_error": "जेसन प्रसंस्करण त्रुटि।",
    "invalid_auth_challenge": "अमान्य प्रामाणिक चुनौती।",
    "invalid_wfa_token": "अमान्य WLA टोकन।",
    "failed_to_create_jwe": "वॉलेट उपयोगकर्ता पहचानकर्ता को एन्क्रिप्ट करने में विफल।",
    "no_unique_alias": "संवेदनशील डेटा को सुरक्षित करने के लिए कैश कुंजी खोजने में असमर्थ।",
    "aes_cipher_failed": "संवेदनशील डेटा क्रिप्टो ऑपरेशन कैश में विफल रहा।",
    "key_binding_failed": "प्रमुख बंधन विफल रहा।",
    "binding_not_found": "मुख्य बंधन नहीं मिला।",
    "unknown_wla_format": "अज्ञात WLA प्रारूप।",
    "unbound_auth_factor": "कुंजी प्रदान किए गए प्रकाशन कारक के लिए बाध्य नहीं है।",
    "sha256_thumbprint_header_missing": "WLA टोकन में X5T#S256 हेडर गुम।",
    "invalid_challenge_format": "अमान्य प्रमाणीकरण चुनौती प्रारूप मिला।",
    "link_code_limit_reached": "लेन -देन सीमा प्रति अनुमत लिंक कोड की संख्या तक पहुंच गई।",
    "failed_to_generate_header_hash": "OAuth-Details-Hash HTTP हेडर मान उत्पन्न करने में विफल।",
    "invalid_individual_id": "अमान्य व्यक्तिगत आईडी",
    "invalid_pin": "अमान्य पिन",
    "invalid_email": "अमान्य ईमेल आईडी",
    "invalid_phone": "अवैध फोन नंबर",
    "invalid_encoded_photo": "अमान्य एन्कोडेड फ़ोटो",
    "invalid_postalcode": "अमान्य डाक कोड",
    "invalid_date_of_birth": "अमान्य जन्म तिथि",
    "invalid_fullname": "अमान्य पूरा नाम",
    "invalid_gender": "अवैध लिंग",
    "invalid_street_address": "अमान्य मोहल्ले का पता",
    "invalid_locality": "अमान्य इलाका",
    "invalid_region": "अमान्य क्षेत्र",
    "invalid_country": "अमान्य देश",
    "invalid_biometrics": "अमान्य बायोमेट्रिक्स",
    "invalid_format": "अवैध प्रारूप",
    "invalid_version": "अमान्य संस्करण",
    "invalid_value": "अमान्य मूल्य",
    "invalid_language_code": "अमान्य भाषा कोड",
    "invalid_client_name_value": "अमान्य ग्राहक नाम मान",
    "duplicate_individual_id": "व्यक्तिगत आईडी पहले से मौजूद है।",
    "password_error_msg": "अवैध पासवर्ड",
    "invalid_qrcode_config": "अमान्य QRCode कॉन्फ़िगरेशन. कृपया साइट व्यवस्थापक को रिपोर्ट करें.",
    "captcha_validator_not_found": "कैप्चा सत्यापनकर्ता उदाहरण खोजने में विफल, कृपया ClassPath की जाँच करें।",
    "data_exchange_failedKYC": "डेटा एक्सचेंज विफल रहा।",
    "kyc_signing_certificate_failedKYC": "पर हस्ताक्षर करने वाले प्रमाण पत्र (प्रमाणक प्रणाली) प्राप्त करने में विफल।",
    "binding_auth_failed": "प्रमुख बाउंड ऑथेंटिकेशन (लिंक्ड-वॉलेट) विफल रहा।",
    "invalid_captcha": "अमान्य कैप्चा मिला।",
    "invalid_auth_factor_type_or_challenge_format": "अमान्य प्रामाणिक कारक प्रकार या चुनौती प्रारूप।",
    "unsupported_pkce_challenge_method": "असमर्थित प्रमाण कुंजी चैलेंज एक्सचेंज विधि।",
    "invalid_pkce_challenge": "अमान्य प्रूफ कुंजी चुनौती।",
    "invalid_pkce_code_verifier": "अमान्य प्रूफ कुंजी कोड सत्यापनकर्ता।",
    "pkce_failed": "प्रूफ कुंजी चैलेंज एक्सचेंज विफल रहा।",
    "unsupported_credential_format": "अनुरोधित क्रेडेंशियल प्रारूप समर्थित नहीं है।",
    "invalid_vc_format": "अमान्य वीसी प्रारूप।",
    "invalid_proof": "अनुरोध में पाया गया अमान्य सबूत।",
    "unsupported_proof_type": "क्रेडेंशियल अनुरोध में प्रमाण असमर्थित प्रकार के साथ है।",
    "unsupported_credential_type": "अनुरोधित क्रेडेंशियल प्रकार समर्थित नहीं है।",
    "vc_issuance_failed": "वीसी जारी करने में विफल रहा।",
    "proof_header_invalid_typ": "प्रूफ हेडर टाइप क्लेम में अमान्य मूल्य।",
    "proof_header_invalid_alg": "प्रूफ हेडर ALG क्लेम में अमान्य मूल्य।",
    "proof_header_invalid_key": "प्रूफ हेडर JWK/किड क्लेम में अमान्य मूल्य।",
    "proof_header_ambiguous_key": "प्रूफ हेडर JWK/किड क्लेम में अमान्य मूल्य, उनमें से केवल एक को अनुमति दी जाती है।",
    "proof_invalid_iss": "प्रूफ पेलोड ISS दावा में अमान्य मूल्य।",
    "proof_invalid_aud": "प्रूफ पेलोड ऑड क्लेम में अमान्य मूल्य।",
    "proof_invalid_iat": "प्रूफ पेलोड IAT दावा में अमान्य मूल्य।",
    "proof_invalid_nonce": "प्रूफ पेलोड में अमान्य मूल्य गैर -दावे।",
    "0": "सफलता",
    "100": "डिवाइस पंजीकृत नहीं है",
    "101": "बायोमेट्रिक वस्तु का पता लगाने में असमर्थ",
    "102": "निष्कर्षण के दौरान तकनीकी त्रुटि।",
    "103": "डिवाइस से छेड़छाड़ का पता चला",
    "104": "प्रबंधन सर्वर से कनेक्ट करने में असमर्थ",
    "105": "छवि अभिविन्यास त्रुटि",
    "106": "डिवाइस नहीं मिला",
    "107": "डिवाइस सार्वजनिक कुंजी समाप्त हो गई",
    "108": "डोमेन सार्वजनिक कुंजी अनुपलब्ध",
    "109": "बायोमेट्रिक की अनुरोधित संख्या (उंगली/आईआरआईएस) समर्थित नहीं है",
    "IDA-MLC-002": "अमान्य यूआईएन",
    "IDA-MLC-003": "यूआईएन निष्क्रिय कर दिया गया है",
    "IDA-MLC-004": "अमान्य वीआईडी",
    "IDA-MLC-005": "अमान्य पहचान पत्र",
    "IDA-MLC-014": "अधिसूचना चैनल पंजीकृत नहीं है। व्यक्ति को पंजीकरण करना होगा और पुनः प्रयास करना होगा",
    "IDA-OTA-001": "असंख्य ओटीपी अनुरोध प्राप्त हुए",
    "IDA-OTA-002": "ओटीपी जनरेट/भेज नहीं सका",
    "IDA-OTA-003": "ओटीपी समाप्त हो गया है",
    "IDA-OTA-004": "ओटीपी अमान्य है",
    "IDA-OTA-005": "इनपुट लेनदेन आईडी ओटीपी अनुरोध के लेनदेन आईडी से मेल नहीं खाता है",
    "IDA-MLC-006": "गुम इनपुट पैरामीटर",
    "IDA-MLC-007": "अनुरोध संसाधित नहीं किया जा सका। कृपया पुन: प्रयास करें",
    "IDA-DEA-001": "जनसांख्यिकीय डेटा मेल नहीं खाता",
    "IDA-MLC-001": "अनुरोध को <x> घंटे/मिनट के भीतर MOSIP पर प्राप्त किया जाना चाहिए",
    "IDA-DEA-002": "असमर्थित भाषा कोड",
    "IDA-MLC-013": "लापता गुण",
    "IDA-BIA-001": "बायोमेट्रिक डाटा मैच नहीं हुआ",
    "IDA-BIA-002": "अनुरोध में डुप्लिकेट उंगलियां",
    "IDA-BIA-003": "FMR की संख्या 2 से अधिक नहीं होनी चाहिए।",
    "IDA-BIA-004": "डिवाइस MOSIP के साथ पंजीकृत नहीं है",
    "IDA-BIA-005": "डिवाइस प्रदाता MOSIP के साथ पंजीकृत नहीं है",
    "IDA-BIA-006": "बायोमेट्रिक डेटा उपलब्ध नहीं है।",
    "IDA-BIA-007": "बायोमेट्रिक डेटा उपलब्ध नहीं है।",
    "IDA-BIA-008": "IIR की संख्या 2 से अधिक नहीं होनी चाहिए।",
    "IDA-DEA-003": "जनसांख्यिकी डेटा उपलब्ध नहीं है।",
    "IDA-EKA-002": "प्रिंट प्रारूप अनुरोध में अमान्य मान",
    "IDA-MPA-013": "भागीदार eKYC के लिए अनधिकृत है",
    "IDA-MPA-001": "डिजिटल हस्ताक्षर सत्यापन विफल।",
    "IDA-MPA-002": "डिजिटल हस्ताक्षर में अमान्य प्रमाणपत्र।",
    "IDA-MPA-003": "अनुरोध डिक्रिप्ट करने में असमर्थ.",
    "IDA-MLC-009": "अमान्य इनपुट पैरामीटर",
    "IDA-OTA-006": "यूआईएन ओटीपी जनरेट करने के लिए लॉक है। बाद में पुन: प्रयास करें",
    "IDA-OTA-007": "UIN अमान्य OTP परीक्षणों की संख्या से अधिक होने के कारण OTP सत्यापन के लिए अवरोधित है",
    "IDA-BIA-009": "FID रिकॉर्ड की संख्या 1 से अधिक नहीं होनी चाहिए।",
    "IDA-MLC-008": "कोई प्रमाणीकरण प्रकार नहीं चुना गया",
    "IDA-MLC-010": "वीआईडी ​​को निष्क्रिय कर दिया गया है",
    "IDA-MLC-011": "असमर्थित प्रमाणीकरण प्रकार",
    "IDA-MPA-004": "MOSIP सार्वजनिक कुंजी समाप्त हो गई।",
    "IDA-MPA-005": "नीति के अनुसार ओटीपी अनुरोध उपयोग की अनुमति नहीं है",
    "IDA-MPA-006": "नीति के अनुसार प्रमाणीकरण प्रकार की अनुमति नहीं है",
    "IDA-MPA-007": "लाइसेंस कुंजी पंजीकृत MISP से संबंधित नहीं है",
    "IDA-MPA-008": "MISP की लाइसेंस कुंजी समाप्त हो गई है",
    "IDA-MPA-009": "भागीदार पंजीकृत नहीं है",
    "IDA-MPA-010": "MISP और पार्टनर मैप नहीं किए गए",
    "IDA-MPA-011": "MISP की लाइसेंस कुंजी निलंबित कर दी गई है",
    "IDA-MPA-012": "भागीदार निष्क्रिय है",
    "IDA-MLC-012": "व्यक्ति की सहमति उपलब्ध नहीं है",
    "IDA-MPA-014": "भागीदार को कोई नीति नहीं सौंपी गई है",
    "IDA-MPA-015": "नीति के अनुसार अनिवार्य प्रमाणीकरण नहीं किया गया",
    "IDA-MPA-016": "एचएमएसी सत्यापन विफल रहा",
    "IDA-OTA-008": "ओटीपी अधिसूचना चैनल प्रदान नहीं किया गया।",
    "IDA-BIA-010": "एकल FMR रिकॉर्ड में एक से अधिक अंगुलियां होती हैं।",
    "IDA-BIA-011": "अमान्य बायोमेट्रिक डेटा",
    "IDA-MPA-017": "MISP की लाइसेंस कुंजी अवरोधित है",
    "IDA-MLC-015": "पहचान प्रकार समर्थित नहीं है",
    "IDA-OTA-009": "अधिसूचना चैनल कॉन्फ़िगर नहीं किया गया",
    "IDA-MLC-016": "अनुरोध में लेन-देन आईडी पैरामीटर मेल नहीं खाते",
    "IDA-BIA-013": "FMR की संख्या 10 से अधिक नहीं होनी चाहिए।",
    "IDA-EKA-001": "ईकेवाईसी प्रतिक्रिया को एन्क्रिप्ट करने में असमर्थ",
    "IDA-OTA-010": "इनपुट पहचान प्रकार OTP अनुरोध के पहचान प्रकार से मेल नहीं खाता",
    "IDA-MLC-017": "अमान्य उपयोगकर्ता आइ डी",
    "IDA-MLC-018": "उपयोगकर्ता डेटा उपलब्ध नहीं है",
    "IDA-MLC-019": "प्रमाणीकरण मोडैलिटी लॉक है",
    "IDA-MLC-020": "डेटा एन्क्रिप्ट करने में असमर्थ",
    "IDA-BIA-014": "हैश सत्यापन विफल",
    "IDA-DPM-001": "डिवाइस MOSIP के साथ पंजीकृत नहीं है",
    "IDA-DPM-002": "एमडीएस एमओएसआईपी के साथ पंजीकृत नहीं है",
    "IDA-DPM-003": "डिवाइस प्रदाता MOSIP के साथ पंजीकृत नहीं है",
    "IDA-MPA-018": "पॉलिसी आईडी किसी पंजीकृत भागीदार की नहीं है",
    "IDA-BIA-016": "तकनीकी खराबी के कारण गुणवत्ता की जांच नहीं हो पा रही है",
    "IDA-BIA-017": "तकनीकी समस्या के कारण बायोमैट्रिक मिलान नहीं हो सका",
    "IDA-BIA-018": "तकनीकी समस्या के कारण अनुरोध संसाधित करने में असमर्थ",
    "IDA-BIA-015": "हस्ताक्षर सत्यापन विफल",
    "IDA-MLC-021": "एचएसएम से कुंजी प्राप्त करने में विफल",
    "IDA-MLC-022": "यूआईएन निष्क्रिय/अवरुद्ध है",
    "IDA-MLC-023": "वीआईडी समाप्त/निष्क्रिय है",
    "IDA-DPM-004": "डिवाइस प्रकार और बायोमेट्रिक प्रकार मेल नहीं खाते",
    "IDA-MLC-024": "अनुरोध का डोमेन बायोमेट्रिक्स के डोमेन से मेल नहीं खा रहा है",
    "IDA-MLC-025": "पार्टनर सर्टिफिकेट उपलब्ध नहीं है",
    "IDA-OTA-011": "इनपुट पार्टनर-आईडी OTP अनुरोध के पार्टनर-आईडी से मेल नहीं खाता",
    "IDA-MPA-019": "भागीदार नीति सक्रिय नहीं है",
    "IDA-IDV-001": "इनपुट डेटा सत्यापन विफल",
    "IDA-RST-001": "यूआरआई खाली नहीं होना चाहिए",
    "IDA-RST-002": "httpMethod खाली या अमान्य है",
    "IDA-RST-003": "रिटर्न टाइप खाली है",
    "IDA-RST-004": "बाकी सेवा का नाम खाली या अमान्य है",
    "IDA-RST-005": "समय समाप्त अमान्य है",
    "IDA-RST-006": "4XX - क्लाइंट त्रुटि हुई",
    "IDA-RST-007": "5XX - सर्वर त्रुटि हुई",
    "IDA-RST-008": "कनेक्शन का समय समाप्त",
    "IDA-KBT-001": "बाध्य प्रमाण पत्र नहीं मिला",
    "IDA-KBT-002": "टोकन (iat) पर जारी हस्ताक्षरित अनुमत समय सीमा में नहीं है",
    "IDA-KBT-003": "टोकन की जाँच करने में त्रुटि"
  }
}
