{
  "consent": {
    "authorization_failed_msg": "ದೃಢೀಕರಣ ವಿಫಲವಾಗಿದೆ",
    "consent_request_rejected": "ಸಮ್ಮತಿ ವಿನಂತಿಯನ್ನು ತಿರಸ್ಕರಿಸಲಾಗಿದೆ",
    "consent_request_msg": "{{clientName}} ಅವರು ಈ ಕೆಳಗಿನವುಗಳಿಗೆ ಪ್ರವೇಶವನ್ನು ವಿನಂತಿಸುತ್ತಿದ್ದಾರೆ:",
    "transaction_timeout_msg": "ದಯವಿಟ್ಟು ಸೂಕ್ತ ಕ್ರಮ ಕೈಗೊಳ್ಳಿ",
    "authorize_scope": "ವ್ಯಾಪ್ತಿಗಳನ್ನು ಅಧಿಕೃತಗೊಳಿಸಿ",
    "essential_claims": "ಅಗತ್ಯ ಹಕ್ಕುಗಳು",
    "voluntary_claims": "ಸ್ವಯಂಪ್ರೇರಿತ ಹಕ್ಕುಗಳು",
    "cancel": "ರದ್ದುಮಾಡಿ",
    "allow": "ಅನುಮತಿಸಿ",
    "continue": "ಮುಂದುವರಿಸಿ",
    "resident-service": "ನಿವಾಸ ಸೇವೆ",
    "name": "ಹೆಸರು",
    "given_name": "ಹೆಸರು",
    "middle_name": "ಮಧ್ಯದ ಹೆಸರು",
    "preferred_username": "ಆದ್ಯತೆಯ ಬಳಕೆದಾರ ಹೆಸರು",
    "picture": "ಚಿತ್ರ",
    "gender": "ಲಿಂಗ",
    "birthdate": "ಹುಟ್ಟಿದ ದಿನಾಂಕ",
    "locale": "ಸ್ಥಳೀಯ",
    "nickname": "ಅಡ್ಡಹೆಸರು",
    "family_name": "ಕೌಟುಂಬಿಕ ಹೆಸರು",
    "zoneinfo": "ವಲಯ ಮಾಹಿತಿ",
    "updated_at": "ನಲ್ಲಿ ನವೀಕರಿಸಲಾಗಿದೆ",
    "address": "ವಿಳಾಸ",
    "email": "ಇಮೇಲ್ ವಿಳಾಸ",
    "email_verified": "ಇಮೇಲ್ ವಿಳಾಸ",
    "phone": "ದೂರವಾಣಿ",
    "phone_number": "ದೂರವಾಣಿ ಸಂಖ್ಯೆ",
    "phone_number_verified": "ದೂರವಾಣಿ ಸಂಖ್ಯೆ",
    "required": "ಅಗತ್ಯವಿದೆ",
    "profile": "ಪ್ರೊಫೈಲ್",
    "authorize_scope_tooltip": "ನಿಮ್ಮ ಪರವಾಗಿ ಈ ಸಂರಕ್ಷಿತ ಸೇವೆಗಳನ್ನು ಪ್ರವೇಶಿಸಲು ಸೇವಾ ಪೂರೈಕೆದಾರರಿಗೆ ಅನುಮತಿಸುತ್ತದೆ",
    "essential_claims_tooltip": "ಸೇವಾ ಪೂರೈಕೆದಾರರಿಗೆ ಅಗತ್ಯವಿರುವ ಕಡ್ಡಾಯ ಬಳಕೆದಾರ ಮಾಹಿತಿ",
    "voluntary_claims_tooltip": "ಸೇವಾ ಪೂರೈಕೆದಾರರೊಂದಿಗೆ ಹಂಚಿಕೊಳ್ಳಲು ನಿವಾಸಿ ಆಯ್ಕೆ ಮಾಡಬಹುದಾದ ಹೆಚ್ಚುವರಿ ಬಳಕೆದಾರ ಮಾಹಿತಿ",
    "logo_alt": "ಇ-ಸಿಗ್ನೆಟ್",
    "Manage-Identity-Data": "ಗುರುತು ಡೇಟಾವನ್ನು ನಿರ್ವಹಿಸುವ ಪ್ರವೇಶವನ್ನು ಅನುಮತಿಸಿ",
    "Manage-VID": "VID ನಿರ್ವಹಿಸಲು ಪ್ರವೇಶವನ್ನು ಅನುಮತಿಸಿ",
    "Manage-Authentication": "ಪ್ರಮಾಣೀಕರಣವನ್ನು ನಿರ್ವಹಿಸುವ ಪ್ರವೇಶವನ್ನು ಅನುಮತಿಸಿ",
    "Manage-Service-Requests": "ಸೇವಾ ವಿನಂತಿಗಳನ್ನು ನಿರ್ವಹಿಸುವ ಪ್ರವೇಶವನ್ನು ಅನುಮತಿಸಿ",
    "Manage-Credentials": "ಪ್ರಮಾಣಪತ್ರಗಳನ್ನು ನಿರ್ವಹಿಸುವ ಪ್ರವೇಶವನ್ನು ಅನುಮತಿಸಿ",
    "individual_id": "ಲಾಗಿನ್ ಮಾಡುವಾಗ ಬಳಸಲಾದ UIN/VID"
  },
  "l1Biometrics": {
    "scan_and_verify": "ಸ್ಕ್ಯಾನ್ ಮಾಡಿ ಮತ್ತು ಪರಿಶೀಲಿಸಿ",
    "sign_in_with_biometric": "ಬಯೋಮೆಟ್ರಿಕ್ ಮೂಲಕ ಲಾಗಿನ್ ಮಾಡಿ",
    "retry": "ಮರುಪ್ರಯತ್ನಿಸಿ",
    "vid_label_text": "ನಿಮ್ಮ VID ನಮೂದಿಸಿ",
    "vid_placeholder": "ವಿಐಡಿ",
    "Face": "ಮುಖ",
    "Finger": "ಬೆರಳು",
    "Iris": "ಐರಿಸ್",
    "select_a_device": "ಸಾಧನವನ್ನು ಆಯ್ಕೆಮಾಡಿ"
  },
  "pin": {
    "sign_in_with_pin": "PIN ನೊಂದಿಗೆ ಲಾಗಿನ್ ಮಾಡಿ",
    "remember_me": "ನನ್ನನ್ನು ನೆನಪಿನಲ್ಲಿ ಇಡು",
    "login": "ಲಾಗಿನ್ ಮಾಡಿ",
    "uin_label_text": "ಯುಐಎನ್",
    "pin_label_text": "ಪಿನ್",
    "uin_placeholder": "ಯುಐಎನ್ ಅಥವಾ ಪಿನ್",
    "pin_placeholder": "ಪಿನ್ ನಮೂದಿಸಿ"
  },
  "password": {
    "sign_in_with_password": "ಪಾಸ್ವರ್ಡ್ನೊಂದಿಗೆ ಲಾಗಿನ್ ಮಾಡಿ",
    "remember_me": "ನನ್ನನ್ನು ನೆನಪಿನಲ್ಲಿ ಇಡು",
    "login": "ಲಾಗಿನ್ ಮಾಡಿ",
    "uin_label_text": "ನಿಮ್ಮ VID ನಮೂದಿಸಿ",
    "password_label_text": "ಪಾಸ್ವರ್ಡ್ ನಮೂದಿಸಿ",
    "uin_placeholder": "ವಿಐಡಿ",
    "password_placeholder": "ಗುಪ್ತಪದ"
  },
  "LoginQRCode": {
    "scan_with_wallet": "ಲಾಗ್ ಇನ್ ಮಾಡಲು {{walletName} ಅಪ್ಲಿಕೇಶನ್‌ನೊಂದಿಗೆ ಸ್ಕ್ಯಾನ್ ಮಾಡಿ",
    "dont_have_wallet": "{{walletName}} ಇಲ್ಲವೇ?",
    "download_now": "ಈಗ ಡೌನ್‌ಲೋಡ್ ಮಾಡಿ",
    "link_code_status": "ಲಿಂಕ್ ಕೋಡ್ ಸ್ಥಿತಿ",
    "failed": "ವಿಫಲವಾಗಿದೆ",
    "refresh": "QR ಕೋಡ್ ಅನ್ನು ರಿಫ್ರೆಶ್ ಮಾಡಿ",
    "open_wallet_app": "{{walletName}} ಅಪ್ಲಿಕೇಶನ್ ತೆರೆಯಿರಿ"
  },
  "otp": {
    "sign_in_with_otp": "ಒಟಿಪಿ ಯೊಂದಿಗೆ ಲಾಗಿನ್ ಮಾಡಿ",
    "resend_otp": "OTP ಅನ್ನು ಮರುಕಳುಹಿಸಿ",
    "not_a_robot": "ನಾನು ರೋಬೋಟ್ ಅಲ್ಲ",
    "get_otp": "ಒಟಿಪಿ ಪಡೆಯಿರಿ",
    "verify": "ಪರಿಶೀಲಿಸಿ",
    "vid_label_text": "ನಿಮ್ಮ ಪಿನ್ ನಮೂದಿಸಿ",
    "otp_label_text": "ಒಟಿಪಿ",
    "vid_placeholder": "ಪಿನ್",
    "otp_placeholder": "1234",
    "mobile_number": "ಮೊಬೈಲ್ ಸಂಖ್ಯೆ",
    "email_address": "ಇಮೇಲ್ ವಿಳಾಸ",
    "otp_sent_msg": "ನಿಮ್ಮ ನೋಂದಾಯಿತ {{otpChannels}} ಗೆ ಒಟಿಪಿ ಅನ್ನು ಕಳುಹಿಸಲಾಗಿದೆ",
    "resend_otp_counter": "{{min}}:{{sec}} ನಲ್ಲಿ OTP ಅನ್ನು ಮರುಕಳುಹಿಸಿ",
    "mobile_placeholder": "ಮೊಬೈಲ್ ಸಂಖ್ಯೆ: {{mobileNumber}}",
    "email_placeholder": "ಇಮೇಲ್ ವಿಳಾಸ: {{emailAddress}}",
    "mobile_email_placeholder": "ಮೊಬೈಲ್ ಸಂಖ್ಯೆ: {{mobileNumber}} ಮತ್ತು ಇಮೇಲ್ ವಿಳಾಸ: {{emailAddress}}"
  },
  "signInOption": {
    "login_option_heading": "ನೀವು ಹೇಗೆ ಲಾಗಿನ್ ಆಗಬೇಕೆಂದು ಆರಿಸಿಕೊಳ್ಳಿ:",
    "login_with": "{{option}} ನೊಂದಿಗೆ ಲಾಗಿನ್ ಮಾಡಿ",
    "PIN": "ಪಿನ್",
    "Biometrics": "ಬಯೋಮೆಟ್ರಿಕ್ಸ್",
    "BIO": "ಬಯೋಮೆಟ್ರಿಕ್ಸ್",
    "QRCode": "ಕ್ಯೂಆರ್ ಕೋಡ್",
    "OTP": "ಒಟಿಪಿ",
    "PWD": "ಗುಪ್ತಪದ",
    "preferred_mode_of_login": "ಆದ್ಯತೆಯ ಲಾಗಿನ್ ಮೋಡ್ ಅನ್ನು ಆಯ್ಕೆಮಾಡಿ",
    "more_ways_to_sign_in": "ಸೈನ್ ಇನ್ ಮಾಡಲು ಇನ್ನಷ್ಟು ಮಾರ್ಗಗಳು"
  },
  "esignetDetails": {
    "esignet_details_heading": "Esignet ಪ್ರಸಿದ್ಧ API ಗಳು",
    "internal_api": "ಆಂತರಿಕ API",
    "wellknown_api": "ಪ್ರಸಿದ್ಧ API"
  },
  "header": {
    "login_heading": "ಇ-ಸಿಗ್ನೆಟ್ ಮೂಲಕ ಲಾಗಿನ್ ಮಾಡಿ",
    "login_linkName": "ಮುಂಚಿತವಾಗಿ ನೋಂದಾಯಿಸಿ",
    "more_ways_to_sign_in": "ಸೈನ್ ಇನ್ ಮಾಡಲು ಇನ್ನಷ್ಟು ಮಾರ್ಗಗಳು",
    "invalid_auth_factor": "ಅಮಾನ್ಯವಾದ ದೃಢೀಕರಣ ಅಂಶಗಳು ದಯವಿಟ್ಟು ಪುನಃ ಪ್ರಯತ್ನಿಸಿ...",
    "download_now": "ಈಗ ಡೌನ್‌ಲೋಡ್ ಮಾಡಿ",
    "logo_alt": "ಇ-ಸಿಗ್ನೆಟ್",
    "backgroud_image_alt": "ಇ-ಸಿಗ್ನೆಟ್ ಮೂಲಕ ಸೈನ್ ಇನ್ ಮಾಡಿ",
    "language": "ಭಾಷೆ"
  },
  "tabs": {
    "pin_tab_name": "ಪಿನ್ ನೊಂದಿಗೆ ಸೈನ್ ಇನ್ ಮಾಡಿ",
    "biometric_tab_name": "ಬಯೋಮೆಟ್ರಿಕ್ಸ್‌ನೊಂದಿಗೆ ಸೈನ್ ಇನ್ ಮಾಡಿ"
  },
  "loadingMsgs": {
    "redirecting_msg": "ಮರುನಿರ್ದೇಶಿಸಲಾಗುತ್ತಿದೆ. ದಯಮಾಡಿ ನಿರೀಕ್ಷಿಸಿ...",
    "link_auth_waiting": "ದಯವಿಟ್ಟು {{walletName}} ಮೂಲಕ ದೃಢೀಕರಿಸಿ. ಈ ಪುಟವನ್ನು ರಿಫ್ರೆಶ್ ಮಾಡಬೇಡಿ.",
    "authenticating_msg": "ಪ್ರಮಾಣೀಕರಿಸಲಾಗುತ್ತಿದೆ. ದಯಮಾಡಿ ನಿರೀಕ್ಷಿಸಿ...",
    "scanning_devices_msg": "ಸ್ಕ್ಯಾನಿಂಗ್ ಸಾಧನಗಳು. ದಯಮಾಡಿ ನಿರೀಕ್ಷಿಸಿ...",
    "capture_initiated_msg": "{{modality}} ಕ್ಯಾಪ್ಚರ್ ಅನ್ನು {{deviceModel}} ನಲ್ಲಿ ಪ್ರಾರಂಭಿಸಲಾಗಿದೆ",
    "sending_otp_msg": "OTP ಕಳುಹಿಸಲಾಗುತ್ತಿದೆ. ದಯಮಾಡಿ ನಿರೀಕ್ಷಿಸಿ...",
    "loading_msg": "ಲೋಡ್ ಆಗುತ್ತಿದೆ. ದಯಮಾಡಿ ನಿರೀಕ್ಷಿಸಿ..."
  },
  "tooltips": {
    "vid_tooltip": "ದಯವಿಟ್ಟು ಈ ಕ್ಷೇತ್ರವನ್ನು ಭರ್ತಿ ಮಾಡಿ"
  },
  "errors": {
    "no_response_msg": "ಪ್ರತಿಕ್ರಿಯೆ ಇಲ್ಲ",
    "no_devices_found_msg": "ಸಾಧನ ಕಂಡುಬಂದಿಲ್ಲ. ದಯವಿಟ್ಟು ಸಂಪರ್ಕವನ್ನು ಪರಿಶೀಲಿಸಿ ಮತ್ತು ಮರುಪ್ರಯತ್ನಿಸಿ.",
    "link_code_refresh_failed": "ಲೋಡ್ ಮಾಡಲು ವಿಫಲವಾಗಿದೆ",
    "link_code_status_failed": "ಲೋಡ್ ಮಾಡಲು ವಿಫಲವಾಗಿದೆ",
    "failed_to_link": "ಲಿಂಕ್ ಮಾಡಲು ವಿಫಲವಾಗಿದೆ",
    "qr_code_expired": "QR ಕೋಡ್ ಅವಧಿ ಮೀರಿದೆ",
    "authorization_failed": "ದೃಢೀಕರಿಸಲು ವಿಫಲವಾಗಿದೆ",
    "device_disc_failed": "ಸಾಧನ ಅನ್ವೇಷಣೆ ವಿಫಲವಾಗಿದೆ",
    "device_not_found_msg": "ಸಾಧನ ಕಂಡುಬಂದಿಲ್ಲ",
    "biometric_capture_failed_msg": "ಬಯೋಮೆಟ್ರಿಕ್ ಕ್ಯಾಪ್ಚರ್ ವಿಫಲವಾಗಿದೆ",
    "authentication_failed_msg": "ಪ್ರಮಾಣೀಕರಣ ವಿಫಲವಾಗಿದೆ",
    "send_otp_failed_msg": "OTP ಕಳುಹಿಸಲು ವಿಫಲವಾಗಿದೆ",
    "parsing_error_msg": "ಪಾರ್ಸ್ ಮಾಡಲು ಸಾಧ್ಯವಾಗುತ್ತಿಲ್ಲ",
    "Network Error": "ನೆಟ್‌ವರ್ಕ್ ದೋಷ",
    "invalid_request": "ಅಮಾನ್ಯ ವಿನಂತಿ",
    "invalid_client_id": "ಅಮಾನ್ಯ ಕ್ಲೈಂಟ್ ಗುರುತಿಸುವಿಕೆ",
    "invalid_client_name": "ಅಮಾನ್ಯ ಗ್ರಾಹಕ ಹೆಸರು",
    "invalid_uri": "ಅಮಾನ್ಯ URL",
    "invalid_rp_id": "ಅಮಾನ್ಯವಾದ ಅವಲಂಬಿತ ಪಕ್ಷದ ಗುರುತಿಸುವಿಕೆ",
    "invalid_response_type": "ಅಮಾನ್ಯ/ಬೆಂಬಲವಿಲ್ಲದ ಪ್ರತಿಕ್ರಿಯೆ ಪ್ರಕಾರ",
    "invalid_grant_type": "ಅಮಾನ್ಯ/ಬೆಂಬಲವಿಲ್ಲದ ಅನುದಾನದ ಪ್ರಕಾರ",
    "invalid_scope": "ಅಮಾನ್ಯ/ಬೆಂಬಲವಿಲ್ಲದ ವ್ಯಾಪ್ತಿ",
    "invalid_redirect_uri": "ಅಮಾನ್ಯ ಮರುನಿರ್ದೇಶನ URL",
    "invalid_display": "ಅಮಾನ್ಯ/ಬೆಂಬಲವಿಲ್ಲದ ಪ್ರದರ್ಶನ",
    "invalid_prompt": "ಅಮಾನ್ಯ/ಬೆಂಬಲವಿಲ್ಲದ UI ಪ್ರಾಂಪ್ಟ್",
    "invalid_assertion_type": "ಅಮಾನ್ಯ/ಬೆಂಬಲವಿಲ್ಲದ ಕ್ಲೈಂಟ್ ಸಮರ್ಥನೆ ಪ್ರಕಾರ",
    "invalid_client_auth": "ಅಮಾನ್ಯ/ಬೆಂಬಲವಿಲ್ಲದ ಕ್ಲೈಂಟ್ ದೃಢೀಕರಣ ಪ್ರಕಾರಗಳು",
    "invalid_transaction": "ಅಮಾನ್ಯ ವಹಿವಾಟು ಅಥವಾ ವಹಿವಾಟಿನ ಅವಧಿ ಮುಗಿದಿದೆ",
    "invalid_assertion": "ಅಮಾನ್ಯ ಕ್ಲೈಂಟ್ ಸಮರ್ಥನೆ",
    "invalid_acr": "ಅಮಾನ್ಯ/ಬೆಂಬಲಿತವಲ್ಲದ ದೃಢೀಕರಣ ಸಂದರ್ಭದ ವರ್ಗ ಉಲ್ಲೇಖಗಳು",
    "invalid_token": "ಅಮಾನ್ಯ/ಅವಧಿ ಮುಗಿದ ಪ್ರವೇಶ ಟೋಕನ್",
    "auth_failed": "ಪ್ರಮಾಣೀಕರಣ ವಿಫಲವಾಗಿದೆ",
    "auth_passed": "ದೃಢೀಕರಣ ಯಶಸ್ಸು",
    "acr_amr_mapping_not_found": "ACR-AMR ಮ್ಯಾಪಿಂಗ್ ಫೈಲ್ ಕಂಡುಬಂದಿಲ್ಲ",
    "no_acr_registered": "ಯಾವುದೇ ದೃಢೀಕರಣ ಸಂದರ್ಭ ವರ್ಗ ಉಲ್ಲೇಖಗಳು (ACR) ನೋಂದಾಯಿಸಲಾಗಿಲ್ಲ",
    "invalid_algorithm": "ಅಮಾನ್ಯ/ಬೆಂಬಲವಿಲ್ಲದ ಹ್ಯಾಶಿಂಗ್ ಅಲ್ಗಾರಿದಮ್",
    "unknown_error": "ಅಜ್ಞಾತ ದೋಷ",
    "invalid_input": "ಅಮಾನ್ಯ ಇನ್‌ಪುಟ್",
    "duplicate_client_id": "ನಕಲು ಗ್ರಾಹಕ ಗುರುತಿಸುವಿಕೆ",
    "invalid_claim": "ಅಮಾನ್ಯ/ಬೆಂಬಲವಿಲ್ಲದ ಬಳಕೆದಾರ ಹಕ್ಕುಗಳು",
    "invalid_public_key": "ಅಮಾನ್ಯ ಕ್ಲೈಂಟ್ ಸಾರ್ವಜನಿಕ ಕೀ",
    "send_otp_failed": "ಕಳುಹಿಸಲು-otp ವಿಫಲವಾಗಿದೆ. ಅಮಾನ್ಯ/ಅಜ್ಞಾತ ವೈಯಕ್ತಿಕ ಐಡಿ.",
    "missing_header": "ವಿನಂತಿಯಲ್ಲಿ ಬೇರರ್ ಟೋಕನ್‌ನೊಂದಿಗೆ ಹೆಡರ್ ಕಾಣೆಯಾಗಿದೆ : ದೃಢೀಕರಣ.",
    "invalid_permitted_scope": "ಅಮಾನ್ಯವಾದ ಅಧಿಕಾರ ವ್ಯಾಪ್ತಿಯನ್ನು ಅನುಮತಿಸಲಾಗಿದೆ",
    "invalid_identifier": "ಅಮಾನ್ಯವಾದ ವೈಯಕ್ತಿಕ ಗುರುತಿಸುವಿಕೆಯನ್ನು ಒದಗಿಸಲಾಗಿದೆ.",
    "invalid_otp_channel": "ಅಮಾನ್ಯ OTP ಚಾನಲ್ ಒದಗಿಸಲಾಗಿದೆ.",
    "invalid_no_of_challenges": "ಶೂನ್ಯ ಅಥವಾ ಖಾಲಿ ದೃಢೀಕರಣ ಸವಾಲುಗಳನ್ನು ಅನುಮತಿಸಲಾಗುವುದಿಲ್ಲ.",
    "invalid_transaction_id": "ಶೂನ್ಯ ಅಥವಾ ಖಾಲಿ ವಹಿವಾಟುಐಡಿ ಅನುಮತಿಸಲಾಗುವುದಿಲ್ಲ.",
    "invalid_auth_factor_type": "ಶೂನ್ಯ ಅಥವಾ ಖಾಲಿ ದೃಢೀಕರಣ ಅಂಶ ಪ್ರಕಾರವನ್ನು ಅನುಮತಿಸಲಾಗುವುದಿಲ್ಲ.",
    "invalid_challenge": "ದೃಢೀಕರಣ ಸವಾಲು ಅಗತ್ಯವಿದೆ.",
    "invalid_status": "ಬೆಂಬಲವಿಲ್ಲದ ಸ್ಥಿತಿ ಮೌಲ್ಯವನ್ನು ಒದಗಿಸಲಾಗಿದೆ.",
    "invalid_accepted_claim": "ಅಮಾನ್ಯ ಬಳಕೆದಾರ ಹಕ್ಕುಗಳನ್ನು ಸ್ವೀಕರಿಸಲಾಗಿದೆ",
    "invalid_auth_code": "ಅಮಾನ್ಯವಾದ ದೃಢೀಕರಣ ಕೋಡ್ ಒದಗಿಸಲಾಗಿದೆ.",
    "auth_factor_mismatch": "ಒದಗಿಸಿದ ದೃಢೀಕರಣ ಅಂಶಗಳು ಪರಿಹರಿಸಿದ ದೃಢೀಕರಣ ಅಂಶಗಳಿಗೆ ಹೊಂದಿಕೆಯಾಗುವುದಿಲ್ಲ.",
    "unsupported_id_format": "ಬೆಂಬಲಿತವಲ್ಲದ ID ಫಾರ್ಮ್ಯಾಟ್.",
    "link_code_gen_failed": "ಲಿಂಕ್-ಕೋಡ್ ರಚಿಸುವಲ್ಲಿ ವಿಫಲವಾಗಿದೆ. ಮತ್ತೆ ಪ್ರಯತ್ನಿಸು.",
    "invalid_link_code": "ಅಮಾನ್ಯ ಲಿಂಕ್ ಕೋಡ್.",
    "transaction_not_found": "ವಹಿವಾಟು ಕಂಡುಬಂದಿಲ್ಲ.",
    "transaction_already_linked": "ವಹಿವಾಟು ಈಗಾಗಲೇ ಲಿಂಕ್ ಆಗಿದೆ.",
    "subscription_failed": "ಕಾಫ್ಕಾ ವಿಷಯಕ್ಕೆ ಚಂದಾದಾರಿಕೆ ವಿಫಲವಾಗಿದೆ.",
    "response_timeout": "ಮುಂದೂಡಲ್ಪಟ್ಟ ಪ್ರತಿಕ್ರಿಯೆ ಸಮಯ ಮೀರಿದೆ.",
    "invalid_state": "ಅಮಾನ್ಯ ಸ್ಥಿತಿಯಲ್ಲಿ ವಹಿವಾಟು ಕಂಡುಬಂದಿದೆ.",
    "authorization_failed_msg": "ದೃಢೀಕರಣ ವಿಫಲವಾಗಿದೆ",
    "consent_request_rejected": "ಸಮ್ಮತಿ ವಿನಂತಿಯನ್ನು ತಿರಸ್ಕರಿಸಲಾಗಿದೆ",
    "invalid_bind_auth_factor_type": "ಅಮಾನ್ಯ ಬೈಂಡ್ ದೃಢೀಕರಣ ಅಂಶದ ಪ್ರಕಾರ.",
    "json_processing_error": "Json ಪ್ರಕ್ರಿಯೆ ದೋಷ.",
    "invalid_auth_challenge": "ಅಮಾನ್ಯ ದೃ uth ೀಕರಣ ಸವಾಲು.",
    "invalid_wfa_token": "ಅಮಾನ್ಯ ಡಬ್ಲೂಎಲ್ಎ ಟೋಕನ್.",
    "failed_to_create_jwe": "ವಾಲೆಟ್ ಬಳಕೆದಾರರ ಗುರುತಿಸುವಿಕೆಯನ್ನು ಎನ್‌ಕ್ರಿಪ್ಟ್ ಮಾಡಲು ವಿಫಲವಾಗಿದೆ.",
    "no_unique_alias": "ಸೂಕ್ಷ್ಮ ಡೇಟಾವನ್ನು ಸುರಕ್ಷಿತಗೊಳಿಸಲು ಸಂಗ್ರಹ ಕೀಲಿಯನ್ನು ಕಂಡುಹಿಡಿಯಲು ಸಾಧ್ಯವಿಲ್ಲ.",
    "aes_cipher_failed": "ಸಂಗ್ರಹದಲ್ಲಿ ಸೂಕ್ಷ್ಮ ಡೇಟಾ ಕ್ರಿಪ್ಟೋ ಕಾರ್ಯಾಚರಣೆ ವಿಫಲವಾಗಿದೆ.",
    "key_binding_failed": "ಕೀ ಬೈಂಡಿಂಗ್ ವಿಫಲವಾಗಿದೆ.",
    "binding_not_found": "ಕೀ ಬೈಂಡಿಂಗ್ ಕಂಡುಬಂದಿಲ್ಲ.",
    "unknown_wla_format": "ಅಜ್ಞಾತ WLA ಸ್ವರೂಪ.",
    "unbound_auth_factor": "ಒದಗಿಸಿದ ದೃ uth ೀಕರಣ ಅಂಶಕ್ಕೆ ಕೀ ಬದ್ಧವಾಗಿಲ್ಲ.",
    "sha256_thumbprint_header_missing": "WLA ಟೋಕನ್‌ನಲ್ಲಿ X5T#S256 ಹೆಡರ್ ಕಾಣೆಯಾಗಿದೆ.",
    "invalid_challenge_format": "ಅಮಾನ್ಯ ದೃ hentic ೀಕರಣ ಸವಾಲು ಸ್ವರೂಪ ಕಂಡುಬಂದಿದೆ.",
    "link_code_limit_reached": "ತಲುಪಿದ ಪ್ರತಿ ವಹಿವಾಟು ಮಿತಿಗೆ ಅನುಮತಿಸಲಾದ ಲಿಂಕ್ ಕೋಡ್‌ನ ಸಂಖ್ಯೆ.",
    "failed_to_generate_header_hash": "OAuth-details-ಹ್ಯಾಶ್ HTTP ಹೆಡರ್ ಮೌಲ್ಯವನ್ನು ಉತ್ಪಾದಿಸುವಲ್ಲಿ ವಿಫಲವಾಗಿದೆ.",
    "invalid_individual_id": "ಅಮಾನ್ಯವಾದ ವೈಯಕ್ತಿಕ ID",
    "invalid_pin": "ಅಮಾನ್ಯ ಪಿನ್",
    "invalid_email": "ಅಮಾನ್ಯ ಇಮೇಲ್ ಐಡಿ",
    "invalid_phone": "ಅಮಾನ್ಯವಾದ ಫೋನ್ ಸಂಖ್ಯೆ",
    "invalid_encoded_photo": "ಅಮಾನ್ಯ ಎನ್ಕೋಡ್ ಮಾಡಿದ ಫೋಟೋ",
    "invalid_postalcode": "ಅಮಾನ್ಯ ಪೋಸ್ಟಲ್ ಕೋಡ್",
    "invalid_date_of_birth": "ಅಮಾನ್ಯವಾದ ಜನ್ಮ ದಿನಾಂಕ",
    "invalid_fullname": "ಅಮಾನ್ಯ ಪೂರ್ಣ ಹೆಸರು",
    "invalid_gender": "ಅಮಾನ್ಯ ಲಿಂಗ",
    "invalid_street_address": "ಅಮಾನ್ಯವಾದ ರಸ್ತೆ ವಿಳಾಸ",
    "invalid_locality": "ಅಮಾನ್ಯ ಪ್ರದೇಶ",
    "invalid_region": "ಅಮಾನ್ಯ ಪ್ರದೇಶ",
    "invalid_country": "ಅಮಾನ್ಯ ದೇಶ",
    "invalid_biometrics": "ಅಮಾನ್ಯ ಬಯೋಮೆಟ್ರಿಕ್ಸ್",
    "invalid_format": "ಅಮಾನ್ಯ ಸ್ವರೂಪ",
    "invalid_version": "ಅಮಾನ್ಯ ಆವೃತ್ತಿ",
    "invalid_value": "ಅಮಾನ್ಯ ಮೌಲ್ಯ",
    "invalid_language_code": "ಅಮಾನ್ಯ ಭಾಷಾ ಕೋಡ್",
    "invalid_client_name_value": "ಅಮಾನ್ಯ ಕ್ಲೈಂಟ್ ಹೆಸರಿನ ಮೌಲ್ಯ",
    "duplicate_individual_id": "ವೈಯಕ್ತಿಕ ಐಡಿ ಈಗಾಗಲೇ ಅಸ್ತಿತ್ವದಲ್ಲಿದೆ.",
    "password_error_msg": "ಅಮಾನ್ಯವಾದ ಪಾಸ್ವರ್ಡ್",
    "invalid_qrcode_config": "ಅಮಾನ್ಯವಾದ QRCode ಕಾನ್ಫಿಗರೇಶನ್. ದಯವಿಟ್ಟು ಸೈಟ್ ನಿರ್ವಾಹಕರಿಗೆ ವರದಿ ಮಾಡಿ.",
    "data_exchange_failed": "ಕೆವೈಸಿ ಡೇಟಾ ವಿನಿಮಯ ವಿಫಲವಾಗಿದೆ.",
    "kyc_signing_certificate_failed": "ಕೆವೈಸಿ ಸಹಿ ಪ್ರಮಾಣಪತ್ರಗಳನ್ನು (ದೃ hentic ೀಕರಣ ವ್ಯವಸ್ಥೆ) ಪಡೆಯಲು ವಿಫಲವಾಗಿದೆ.",
    "binding_auth_failed": "ಕೀ ಬೌಂಡ್ ದೃ hentic ೀಕರಣ (ಲಿಂಕ್ಡ್-ವ್ಯಾಲೆಟ್) ವಿಫಲವಾಗಿದೆ.",
    "captcha_validator_not_found": "ಕ್ಯಾಪ್ಚಾ ವ್ಯಾಲಿಡೇಟರ್ ನಿದರ್ಶನವನ್ನು ಕಂಡುಹಿಡಿಯಲು ವಿಫಲವಾಗಿದೆ, ದಯವಿಟ್ಟು ಕ್ಲಾಸ್‌ಪಾತ್ ಪರಿಶೀಲಿಸಿ.",
    "invalid_captcha": "ಅಮಾನ್ಯ ಕ್ಯಾಪ್ಚಾ ಕಂಡುಬಂದಿದೆ.",
    "invalid_auth_factor_type_or_challenge_format": "ಅಮಾನ್ಯ ದೃ uth ೀಕರಣ ಅಂಶ ಪ್ರಕಾರ ಅಥವಾ ಸವಾಲು ಸ್ವರೂಪ.",
    "unsupported_pkce_challenge_method": "ಬೆಂಬಲಿಸದ ಪ್ರೂಫ್ ಕೀ ಚಾಲೆಂಜ್ ಎಕ್ಸ್ಚೇಂಜ್ ವಿಧಾನ.",
    "invalid_pkce_challenge": "ಅಮಾನ್ಯ ಪುರಾವೆ ಕೀ ಸವಾಲು.",
    "invalid_pkce_code_verifier": "ಅಮಾನ್ಯ ಪ್ರೂಫ್ ಕೀ ಕೋಡ್ ಪರಿಶೀಲಕ.",
    "pkce_failed": "ಪ್ರೂಫ್ ಕೀ ಚಾಲೆಂಜ್ ಎಕ್ಸ್ಚೇಂಜ್ ವಿಫಲವಾಗಿದೆ.",
    "unsupported_credential_format": "ವಿನಂತಿಸಿದ ರುಜುವಾತು ಸ್ವರೂಪವನ್ನು ಬೆಂಬಲಿಸುವುದಿಲ್ಲ.",
    "invalid_vc_format": "ಅಮಾನ್ಯ ವಿಸಿ ಸ್ವರೂಪ.",
    "invalid_proof": "ವಿನಂತಿಯಲ್ಲಿ ಕಂಡುಬರುವ ಅಮಾನ್ಯ ಪುರಾವೆ.",
    "unsupported_proof_type": "ರುಜುವಾತು ವಿನಂತಿಯಲ್ಲಿನ ಪುರಾವೆ ಬೆಂಬಲಿಸದ ಪ್ರಕಾರದೊಂದಿಗೆ.",
    "unsupported_credential_type": "ವಿನಂತಿಸಿದ ರುಜುವಾತು ಪ್ರಕಾರವನ್ನು ಬೆಂಬಲಿಸುವುದಿಲ್ಲ.",
    "vc_issuance_failed": "ವಿಸಿ ವಿತರಣೆ ವಿಫಲವಾಗಿದೆ.",
    "proof_header_invalid_typ": "ಪ್ರೂಫ್ ಹೆಡರ್ ಟೈಪ್ ಕ್ಲೈಮ್ನಲ್ಲಿ ಅಮಾನ್ಯ ಮೌಲ್ಯ.",
    "proof_header_invalid_alg": "ಪ್ರೂಫ್ ಹೆಡರ್ ಎಎಲ್ಜಿ ಕ್ಲೈಮ್ನಲ್ಲಿ ಅಮಾನ್ಯ ಮೌಲ್ಯ.",
    "proof_header_invalid_key": "ಪ್ರೂಫ್ ಹೆಡರ್ ಜೆಡಬ್ಲ್ಯೂಕೆ/ಕಿಡ್ ಕ್ಲೈಮ್ನಲ್ಲಿ ಅಮಾನ್ಯ ಮೌಲ್ಯ.",
    "proof_header_ambiguous_key": "ಪ್ರೂಫ್ ಹೆಡರ್ ಜೆಡಬ್ಲ್ಯೂಕೆ/ಕಿಡ್ ಕ್ಲೈಮ್ನಲ್ಲಿ ಅಮಾನ್ಯ ಮೌಲ್ಯ, ಅವುಗಳಲ್ಲಿ ಒಂದನ್ನು ಮಾತ್ರ ಅನುಮತಿಸಲಾಗಿದೆ.",
    "proof_invalid_iss": "ಪ್ರೂಫ್ ಪೇಲೋಡ್ ಐಎಸ್ಎಸ್ ಹಕ್ಕಿನಲ್ಲಿ ಅಮಾನ್ಯ ಮೌಲ್ಯ.",
    "proof_invalid_aud": "ಪ್ರೂಫ್ ಪೇಲೋಡ್ AUD ಹಕ್ಕಿನಲ್ಲಿ ಅಮಾನ್ಯ ಮೌಲ್ಯ.",
    "proof_invalid_iat": "ಪ್ರೂಫ್ ಪೇಲೋಡ್ ಐಎಟಿ ಹಕ್ಕಿನಲ್ಲಿ ಅಮಾನ್ಯ ಮೌಲ್ಯ.",
    "proof_invalid_nonce": "ಪ್ರೂಫ್ ಪೇಲೋಡ್ ನಾನ್ಸಿ ಹಕ್ಕಿನಲ್ಲಿ ಅಮಾನ್ಯ ಮೌಲ್ಯ.",
    "0": "ಯಶಸ್ಸು",
    "100": "ಸಾಧನವನ್ನು ನೋಂದಾಯಿಸಲಾಗಿಲ್ಲ",
    "101": "ಬಯೋಮೆಟ್ರಿಕ್ ವಸ್ತುವನ್ನು ಪತ್ತೆಹಚ್ಚಲು ಸಾಧ್ಯವಾಗುತ್ತಿಲ್ಲ",
    "102": "ಹೊರತೆಗೆಯುವ ಸಮಯದಲ್ಲಿ ತಾಂತ್ರಿಕ ದೋಷ.",
    "103": "ಸಾಧನ ಟ್ಯಾಂಪರ್ ಪತ್ತೆಯಾಗಿದೆ",
    "104": "ನಿರ್ವಹಣಾ ಸರ್ವರ್‌ಗೆ ಸಂಪರ್ಕಿಸಲು ಸಾಧ್ಯವಾಗುತ್ತಿಲ್ಲ",
    "105": "ಚಿತ್ರದ ದೃಷ್ಟಿಕೋನ ದೋಷ",
    "106": "ಸಾಧನ ಕಂಡುಬಂದಿಲ್ಲ",
    "107": "ಸಾಧನದ ಸಾರ್ವಜನಿಕ ಕೀ ಅವಧಿ ಮೀರಿದೆ",
    "108": "ಡೊಮೇನ್ ಸಾರ್ವಜನಿಕ ಕೀ ಕಾಣೆಯಾಗಿದೆ",
    "109": "ವಿನಂತಿಸಿದ ಬಯೋಮೆಟ್ರಿಕ್ ಸಂಖ್ಯೆ (ಫಿಂಗರ್/ಐಆರ್ಐಎಸ್) ಬೆಂಬಲಿತವಾಗಿಲ್ಲ",
    "IDA-MLC-002": "ಅಮಾನ್ಯ UIN",
    "IDA-MLC-003": "UIN ಅನ್ನು ನಿಷ್ಕ್ರಿಯಗೊಳಿಸಲಾಗಿದೆ",
    "IDA-MLC-004": "ಅಮಾನ್ಯ VID",
    "IDA-MLC-005": "ಅಮಾನ್ಯ ಐಡಿ",
    "IDA-MLC-014": "ಅಧಿಸೂಚನೆ ಚಾನಲ್ ನೋಂದಾಯಿಸಲಾಗಿಲ್ಲ. ವ್ಯಕ್ತಿಯು ನೋಂದಾಯಿಸಿಕೊಳ್ಳಬೇಕು ಮತ್ತು ಮತ್ತೆ ಪ್ರಯತ್ನಿಸಬೇಕು",
    "IDA-OTA-001": "ಅಸಂಖ್ಯಾತ OTP ವಿನಂತಿಗಳನ್ನು ಸ್ವೀಕರಿಸಲಾಗಿದೆ",
    "IDA-OTA-002": "OTP ಅನ್ನು ರಚಿಸಲು/ಕಳುಹಿಸಲು ಸಾಧ್ಯವಾಗಲಿಲ್ಲ",
    "IDA-OTA-003": "OTP ಅವಧಿ ಮುಗಿದಿದೆ",
    "IDA-OTA-004": "OTP ಅಮಾನ್ಯವಾಗಿದೆ",
    "IDA-OTA-005": "ಇನ್‌ಪುಟ್ ವಹಿವಾಟು ಐಡಿ OTP ವಿನಂತಿಯ ವಹಿವಾಟು ಐಡಿಗೆ ಹೊಂದಿಕೆಯಾಗುವುದಿಲ್ಲ",
    "IDA-MLC-006": "ಇನ್‌ಪುಟ್ ಪ್ಯಾರಾಮೀಟರ್ ಕಾಣೆಯಾಗಿದೆ",
    "IDA-MLC-007": "ವಿನಂತಿಯನ್ನು ಪ್ರಕ್ರಿಯೆಗೊಳಿಸಲು ಸಾಧ್ಯವಾಗಲಿಲ್ಲ. ದಯವಿಟ್ಟು ಪುನಃ ಪ್ರಯತ್ನಿಸಿ",
    "IDA-DEA-001": "ಜನಸಂಖ್ಯಾ ಡೇಟಾ ಹೊಂದಾಣಿಕೆಯಾಗಲಿಲ್ಲ",
    "IDA-MLC-001": "अनुरोध को <x> घंटे/मिनट के भीतर MOSIP पर प्राप्त किया जाना चाहिए",
    "IDA-DEA-002": "ಬೆಂಬಲಿತವಲ್ಲದ ಭಾಷಾ ಕೋಡ್",
    "IDA-MLC-013": "ಕಾಣೆಯಾದ ಗುಣಲಕ್ಷಣಗಳು",
    "IDA-BIA-001": "ಬಯೋಮೆಟ್ರಿಕ್ ಡೇಟಾ ಹೊಂದಾಣಿಕೆಯಾಗುತ್ತಿಲ್ಲ",
    "IDA-BIA-002": "ವಿನಂತಿಯಲ್ಲಿ ನಕಲು ಬೆರಳುಗಳು.",
    "IDA-BIA-003": "ಎಫ್‌ಎಂಆರ್‌ನ ಸಂಖ್ಯೆ 2ಕ್ಕಿಂತ ಹೆಚ್ಚಿರಬಾರದು.",
    "IDA-BIA-004": "MOSIP ನೊಂದಿಗೆ ಸಾಧನವನ್ನು ನೋಂದಾಯಿಸಲಾಗಿಲ್ಲ",
    "IDA-BIA-005": "ಸಾಧನ ಒದಗಿಸುವವರು MOSIP ನೊಂದಿಗೆ ನೋಂದಾಯಿಸಲಾಗಿಲ್ಲ",
    "IDA-BIA-006": "ಬಯೋಮೆಟ್ರಿಕ್ ಡೇಟಾ ಲಭ್ಯವಿಲ್ಲ.",
    "IDA-BIA-007": "ವಿನಂತಿಯಲ್ಲಿ ನಕಲು ಐರಿಸ್.",
    "IDA-BIA-008": "IIR ನ ಸಂಖ್ಯೆ 2 ಮೀರಬಾರದು.",
    "IDA-DEA-003": "ಜನಸಂಖ್ಯಾ ಡೇಟಾ ಲಭ್ಯವಿಲ್ಲ.",
    "IDA-EKA-002": "ಮುದ್ರಣ ಸ್ವರೂಪದ ವಿನಂತಿಯಲ್ಲಿ ಅಮಾನ್ಯ ಮೌಲ್ಯ",
    "IDA-MPA-013": "ಪಾಲುದಾರರು eKYC ಗಾಗಿ ಅನಧಿಕೃತರಾಗಿದ್ದಾರೆ",
    "IDA-MPA-001": "ಡಿಜಿಟಲ್ ಸಹಿ ಪರಿಶೀಲನೆ ವಿಫಲವಾಗಿದೆ.",
    "IDA-MPA-002": "ಡಿಜಿಟಲ್ ಸಹಿಯಲ್ಲಿ ಅಮಾನ್ಯ ಪ್ರಮಾಣಪತ್ರ.",
    "IDA-MPA-003": "ವಿನಂತಿಯನ್ನು ಡೀಕ್ರಿಪ್ಟ್ ಮಾಡಲು ಸಾಧ್ಯವಾಗುತ್ತಿಲ್ಲ.",
    "IDA-MLC-009": "ಅಮಾನ್ಯ ಇನ್‌ಪುಟ್ ಪ್ಯಾರಾಮೀಟರ್",
    "IDA-OTA-006": "OTP ಉತ್ಪಾದನೆಗಾಗಿ UIN ಅನ್ನು ಲಾಕ್ ಮಾಡಲಾಗಿದೆ. ದಯವಿಟ್ಟು ನಂತರ ಮತ್ತೆ ಪ್ರಯತ್ನಿಸಿ",
    "IDA-OTA-007": "ಅಮಾನ್ಯ OTP ಪ್ರಯೋಗಗಳ ಸಂಖ್ಯೆಯನ್ನು ಮೀರಿರುವುದರಿಂದ OTP ಮೌಲ್ಯೀಕರಣಕ್ಕಾಗಿ UIN ಅನ್ನು ಲಾಕ್ ಮಾಡಲಾಗಿದೆ",
    "IDA-BIA-009": "FID ದಾಖಲೆಗಳ ಸಂಖ್ಯೆ 1 ಕ್ಕಿಂತ ಹೆಚ್ಚಿರಬಾರದು.",
    "IDA-MLC-008": "ಯಾವುದೇ ದೃಢೀಕರಣ ಪ್ರಕಾರವನ್ನು ಆಯ್ಕೆ ಮಾಡಲಾಗಿಲ್ಲ",
    "IDA-MLC-010": "VID ನಿಷ್ಕ್ರಿಯಗೊಳಿಸಲಾಗಿದೆ",
    "IDA-MLC-011": "ಬೆಂಬಲಿತವಲ್ಲದ ದೃಢೀಕರಣ ಪ್ರಕಾರ",
    "IDA-MPA-004": "MOSIP ಸಾರ್ವಜನಿಕ ಕೀ ಅವಧಿ ಮುಗಿದಿದೆ.",
    "IDA-MPA-005": "ನೀತಿಯ ಪ್ರಕಾರ OTP ವಿನಂತಿಯ ಬಳಕೆಯನ್ನು ಅನುಮತಿಸಲಾಗುವುದಿಲ್ಲ",
    "IDA-MPA-006": "ನೀತಿಯ ಪ್ರಕಾರ ದೃಢೀಕರಣದ ಪ್ರಕಾರವನ್ನು ಅನುಮತಿಸಲಾಗುವುದಿಲ್ಲ",
    "IDA-MPA-007": "ಪರವಾನಗಿ ಕೀ ನೋಂದಾಯಿತ MISP ಗೆ ಸೇರಿಲ್ಲ",
    "IDA-MPA-008": "MISP ಯ ಪರವಾನಗಿ ಕೀ ಅವಧಿ ಮುಗಿದಿದೆ",
    "IDA-MPA-009": "ಪಾಲುದಾರನನ್ನು ನೋಂದಾಯಿಸಲಾಗಿಲ್ಲ",
    "IDA-MPA-010": "MISP ಮತ್ತು ಪಾಲುದಾರರನ್ನು ಮ್ಯಾಪ್ ಮಾಡಲಾಗಿಲ್ಲ",
    "IDA-MPA-011": "MISP ಯ ಪರವಾನಗಿ ಕೀಲಿಯನ್ನು ಅಮಾನತುಗೊಳಿಸಲಾಗಿದೆ",
    "IDA-MPA-012": "ಪಾಲುದಾರರನ್ನು ನಿಷ್ಕ್ರಿಯಗೊಳಿಸಲಾಗಿದೆ",
    "IDA-MLC-012": "ವ್ಯಕ್ತಿಯ ಒಪ್ಪಿಗೆ ಲಭ್ಯವಿಲ್ಲ",
    "IDA-MPA-014": "ಪಾಲುದಾರರನ್ನು ಯಾವುದೇ ನೀತಿಯೊಂದಿಗೆ ನಿಯೋಜಿಸಲಾಗಿಲ್ಲ",
    "IDA-MPA-015": "ಪಾಲಿಸಿಯ ಪ್ರಕಾರ ಕಡ್ಡಾಯ ದೃಢೀಕರಣವನ್ನು ನಿರ್ವಹಿಸಲಾಗಿಲ್ಲ",
    "IDA-MPA-016": "HMAC ಮೌಲ್ಯೀಕರಣ ವಿಫಲವಾಗಿದೆ",
    "IDA-OTA-008": "OTP ಅಧಿಸೂಚನೆ ಚಾನಲ್ ಒದಗಿಸಲಾಗಿಲ್ಲ.",
    "IDA-BIA-010": "ಒಂದೇ FMR ದಾಖಲೆಯು ಒಂದಕ್ಕಿಂತ ಹೆಚ್ಚು ಬೆರಳುಗಳನ್ನು ಒಳಗೊಂಡಿದೆ.",
    "IDA-BIA-011": "ಅಮಾನ್ಯ ಬಯೋಮೆಟ್ರಿಕ್ ಡೇಟಾ",
    "IDA-MPA-017": "MISP ಯ ಪರವಾನಗಿ ಕೀಲಿಯನ್ನು ನಿರ್ಬಂಧಿಸಲಾಗಿದೆ",
    "IDA-MLC-015": "ಗುರುತಿನ ಪ್ರಕಾರವು ಬೆಂಬಲಿತವಾಗಿಲ್ಲ",
    "IDA-OTA-009": "ಅಧಿಸೂಚನೆ ಚಾನಲ್ ಅನ್ನು ಕಾನ್ಫಿಗರ್ ಮಾಡಲಾಗಿಲ್ಲ",
    "IDA-MLC-016": "ವಿನಂತಿಯಲ್ಲಿನ ವಹಿವಾಟು ID ನಿಯತಾಂಕಗಳು ಹೊಂದಿಕೆಯಾಗುವುದಿಲ್ಲ",
    "IDA-BIA-013": "FMR ಸಂಖ್ಯೆ 10 ಮೀರಬಾರದು.",
    "IDA-EKA-001": "eKYC ಪ್ರತಿಕ್ರಿಯೆಯನ್ನು ಎನ್‌ಕ್ರಿಪ್ಟ್ ಮಾಡಲು ಸಾಧ್ಯವಾಗುತ್ತಿಲ್ಲ",
    "IDA-OTA-010": "ಇನ್‌ಪುಟ್ ಗುರುತಿನ ಪ್ರಕಾರವು OTP ವಿನಂತಿಯ ಗುರುತಿನ ಪ್ರಕಾರಕ್ಕೆ ಹೊಂದಿಕೆಯಾಗುವುದಿಲ್ಲ",
    "IDA-MLC-017": "ಅಮಾನ್ಯ UserID",
    "IDA-MLC-018": "ಬಳಕೆದಾರರ ಡೇಟಾ ಲಭ್ಯವಿಲ್ಲ",
    "IDA-MLC-019": "ದೃಢೀಕರಣ ವಿಧಾನವನ್ನು ಲಾಕ್ ಮಾಡಲಾಗಿದೆ",
    "IDA-MLC-020": "ಡೇಟಾವನ್ನು ಎನ್‌ಕ್ರಿಪ್ಟ್ ಮಾಡಲು ಸಾಧ್ಯವಾಗುತ್ತಿಲ್ಲ",
    "IDA-BIA-014": "ಹ್ಯಾಶ್ ಮೌಲ್ಯೀಕರಣ ವಿಫಲವಾಗಿದೆ",
    "IDA-DPM-001": "ಸಾಧನವನ್ನು MOSIP ನೊಂದಿಗೆ ನೋಂದಾಯಿಸಲಾಗಿಲ್ಲ",
    "IDA-DPM-002": "MDS ಅನ್ನು MOSIP ನೊಂದಿಗೆ ನೋಂದಾಯಿಸಲಾಗಿಲ್ಲ",
    "IDA-DPM-003": "ಸಾಧನ ಪೂರೈಕೆದಾರರನ್ನು MOSIP ನೊಂದಿಗೆ ನೋಂದಾಯಿಸಲಾಗಿಲ್ಲ",
    "IDA-MPA-018": "ಪಾಲಿಸಿ ಐಡಿ ನೋಂದಾಯಿತ ಪಾಲುದಾರರಿಗೆ ಸೇರಿಲ್ಲ",
    "IDA-BIA-016": "ತಾಂತ್ರಿಕ ಸಮಸ್ಯೆಯಿಂದಾಗಿ ಗುಣಮಟ್ಟ ಪರಿಶೀಲನೆಯನ್ನು ಮಾಡಲು ಸಾಧ್ಯವಾಗುತ್ತಿಲ್ಲ",
    "IDA-BIA-017": "ತಾಂತ್ರಿಕ ಸಮಸ್ಯೆಯಿಂದಾಗಿ ಬಯೋಮೆಟ್ರಿಕ್ ಹೊಂದಾಣಿಕೆಯನ್ನು ನಿರ್ವಹಿಸಲು ಸಾಧ್ಯವಾಗುತ್ತಿಲ್ಲ",
    "IDA-BIA-018": "ತಾಂತ್ರಿಕ ಸಮಸ್ಯೆಯಿಂದಾಗಿ ವಿನಂತಿಯನ್ನು ಪ್ರಕ್ರಿಯೆಗೊಳಿಸಲು ಸಾಧ್ಯವಾಗುತ್ತಿಲ್ಲ",
    "IDA-BIA-015": "ಸಹಿ ಮೌಲ್ಯೀಕರಣ ವಿಫಲವಾಗಿದೆ",
    "IDA-MLC-021": "HSM ನಿಂದ ಕೀ ತರಲು ವಿಫಲವಾಗಿದೆ",
    "IDA-MLC-022": "UIN ಅನ್ನು ನಿಷ್ಕ್ರಿಯಗೊಳಿಸಲಾಗಿದೆ/ನಿರ್ಬಂಧಿಸಲಾಗಿದೆ",
    "IDA-MLC-023": "VID ಅವಧಿ ಮೀರಿದೆ/ನಿಷ್ಕ್ರಿಯಗೊಳಿಸಲಾಗಿದೆ",
    "IDA-DPM-004": "ಸಾಧನದ ಪ್ರಕಾರ ಮತ್ತು ಬಯೋಮೆಟ್ರಿಕ್ ಪ್ರಕಾರ ಹೊಂದಿಕೆಯಾಗುವುದಿಲ್ಲ",
    "IDA-MLC-024": "ವಿನಂತಿಯ ಡೊಮೇನ್ ಬಯೋಮೆಟ್ರಿಕ್ಸ್ ಡೊಮೇನ್‌ಗೆ ಹೊಂದಿಕೆಯಾಗುತ್ತಿಲ್ಲ",
    "IDA-MLC-025": "ಪಾಲುದಾರ ಪ್ರಮಾಣಪತ್ರ ಲಭ್ಯವಿಲ್ಲ",
    "IDA-OTA-011": "OTP ವಿನಂತಿಯ ಪಾಲುದಾರ-ID ಇನ್‌ಪುಟ್ ಪಾಲುದಾರ-ID ಹೊಂದಿಕೆಯಾಗುವುದಿಲ್ಲ",
    "IDA-MPA-019": "ಪಾಲುದಾರ ನೀತಿಯು ಸಕ್ರಿಯವಾಗಿಲ್ಲ",
    "IDA-IDV-001": "ಇನ್‌ಪುಟ್ ಡೇಟಾ ಮೌಲ್ಯೀಕರಣ ವಿಫಲವಾಗಿದೆ",
    "IDA-RST-001": "URI ಖಾಲಿ ಇರಬಾರದು",
    "IDA-RST-002": "httpMethod ಖಾಲಿಯಾಗಿದೆ ಅಥವಾ ಅಮಾನ್ಯವಾಗಿದೆ",
    "IDA-RST-003": "ರಿಟರ್ನ್ ಟೈಪ್ ಖಾಲಿಯಾಗಿದೆ",
    "IDA-RST-004": "ಉಳಿದ ಸೇವೆಯ ಹೆಸರು ಖಾಲಿಯಾಗಿದೆ ಅಥವಾ ಅಮಾನ್ಯವಾಗಿದೆ",
    "IDA-RST-005": "ಅವಧಿ ಮೀರಿದ್ದು ಅಮಾನ್ಯವಾಗಿದೆ",
    "IDA-RST-006": "4XX - ಕ್ಲೈಂಟ್ ದೋಷ ಸಂಭವಿಸಿದೆ",
    "IDA-RST-007": "5XX - ಸರ್ವರ್ ದೋಷ ಸಂಭವಿಸಿದೆ",
    "IDA-RST-008": "ಸಂಪರ್ಕ ಸಮಯ ಮೀರಿದೆ",
    "IDA-KBT-001": "ಬೌಂಡ್ ಪ್ರಮಾಣಪತ್ರ ದೊರೆಯಲಿಲ್ಲ",
    "IDA-KBT-002": "ಟೋಕನ್ (iat) ನಲ್ಲಿ ನೀಡಲಾದ ಸಹಿ ಮಾಡಿದ ಟೋಕನ್ ಅನುಮತಿಸಲಾದ ಸಮಯ ವ್ಯಾಪ್ತಿಯಲ್ಲಿಲ್ಲ.",
    "IDA-KBT-003": "ಟೋಕನ್ ಪರಿಶೀಲಿಸುವಲ್ಲಿ ದೋಷ."
  }
}
