{
  "consent": {
    "authorization_failed_msg": "அங்கீகாரம் தோல்வி",
    "consent_request_rejected": "ஒப்புதல் கோரிக்கை நிராகரிக்கப்பட்டது",
    "consent_request_msg": "{{clientName}} பின்வரும் அணுகலைக் கோருகிறார்:",
    "transaction_timeout_msg": "தயவு செய்து உரிய நடவடிக்கை எடுக்கவும்",
    "authorize_scope": "நோக்கங்களை அங்கீகரிக்கவும்",
    "essential_claims": "அத்தியாவசிய உரிமைகோரல்கள்",
    "voluntary_claims": "தன்னார்வ உரிமைகோரல்கள்",
    "cancel": "ரத்து செய்",
    "allow": "அனுமதி",
    "continue": "தொடரவும்",
    "resident-service": "குடியுரிமை சேவை",
    "name": "பெயர்",
    "given_name": "பெயர்",
    "middle_name": "நடுத்தர பெயர்",
    "preferred_username": "விருப்பமான பயனர் பெயர்",
    "picture": "படம்",
    "gender": "பாலினம்",
    "birthdate": "பிறந்த தேதி",
    "locale": "உள்ளூர்",
    "nickname": "புனைப்பெயர்",
    "family_name": "குடும்பப் பெயர்",
    "zoneinfo": "மண்டல தகவல்",
    "updated_at": "இல் புதுப்பிக்கப்பட்டது",
    "address": "முகவரி",
    "email": "மின்னஞ்சல் முகவரி",
    "email_verified": "மின்னஞ்சல் முகவரி",
    "phone": "தொலைபேசி",
    "phone_number": "தொலைபேசி எண்",
    "phone_number_verified": "தொலைபேசி எண்",
    "required": "தேவை",
    "profile": "சுயவிவரம்",
    "authorize_scope_tooltip": "உங்கள் சார்பாக இந்த பாதுகாக்கப்பட்ட சேவைகளை அணுக சேவை வழங்குநரை அனுமதிக்கிறது",
    "essential_claims_tooltip": "சேவை வழங்குநரால் தேவைப்படும் பயனர் தகவல் கட்டாயம்",
    "voluntary_claims_tooltip": "சேவை வழங்குனருடன் பகிர்வதற்கு குடியிருப்பாளர் தேர்வுசெய்யக்கூடிய கூடுதல் பயனர் தகவல்",
    "logo_alt": "e-Signet",
    "Manage-Identity-Data": "அடையாள தரவை நிர்வகிக்க அணுகல் அனுமதி கொடுக்கவும்",
    "Manage-VID": "VID ஐ நிர்வகிக்க அணுகல் அனுமதி கொடுக்கவும்",
    "Manage-Authentication": "அங்கீகாரத்தை நிர்வகிக்க அணுகல் அனுமதி கொடுக்கவும்",
    "Manage-Service-Requests": "சேவை கோரிக்கைகளை நிர்வகிக்க அணுகல் அனுமதி கொடுக்கவும்",
    "Manage-Credentials": "சான்றுகளை நிர்வகிக்க அணுகல் அனுமதி கொடுக்கவும்",
    "individual_id": "உள்நுழைவில் பயன்படுத்தப்பட்ட UIN/VID"
  },
  "l1Biometrics": {
    "scan_and_verify": "ஸ்கேன் செய்து சரிபார்க்கவும்",
    "sign_in_with_biometric": "பயோமெட்ரிக் மூலம் உள்நுழைக",
    "retry": "மீண்டும் முயற்சிக்கவும்",
    "vid_label_text": "உங்கள் VID ஐ உள்ளிடவும்",
    "vid_placeholder": "விஐடி",
    "Face": "முகம்",
    "Finger": "விரல்",
    "Iris": "கருவிழி",
    "select_a_device": "ஒரு சாதனத்தைத் தேர்ந்தெடுக்கவும்"
  },
  "pin": {
    "sign_in_with_pin": "பின் மூலம் உள்நுழையவும்",
    "remember_me": "என்னை நினைவில் வையுங்கள்",
    "login": "உள்நுழைய",
    "uin_label_text": "யுஐஎன்",
    "pin_label_text": "பின்",
    "uin_placeholder": "யுஐஎன் அல்லது பின்",
    "pin_placeholder": "பின்னை உள்ளிடவும்"
  },
  "password": {
    "sign_in_with_password": "கடவுச்சொல் மூலம் உள்நுழைக",
    "remember_me": "என்னை நினைவு செய்யுங்கள்",
    "login": "உள்நுழைய",
    "uin_label_text": "உங்கள் VID ஐ உள்ளிடவும்",
    "password_label_text": "கடவுச்சொல்லை உள்ளிடவும்",
    "uin_placeholder": "விஐடி",
    "password_placeholder": "கடவுச்சொல்"
  },
  "LoginQRCode": {
    "scan_with_wallet": "உள்நுழைய {{walletName}} ஆப் மூலம் ஸ்கேன் செய்யவும்",
    "dont_have_wallet": "{{walletName}} இல்லையா?",
    "download_now": "இப்போது பதிவிறக்கவும்",
    "link_code_status": "இணைப்பு குறியீடு நிலை",
    "failed": "தோல்வி",
    "refresh": "QR குறியீட்டைப் புதுப்பிக்கவும்",
    "open_wallet_app": "{{walletName}} பயன்பாட்டைத் திறக்கவும்"
  },
  "otp": {
    "sign_in_with_otp": "OTP மூலம் உள்நுழையவும்",
    "resend_otp": "OTP ஐ மீண்டும் அனுப்பவும்",
    "not_a_robot": "நான் ரோபோ இல்லை",
    "get_otp": "OTP பெறவும்",
    "verify": "சரிபார்க்கவும்",
    "vid_label_text": "உங்கள் VID ஐ உள்ளிடவும்",
    "otp_label_text": "OTP",
    "vid_placeholder": "விஐடி",
    "otp_placeholder": "1234",
    "mobile_number": "மொபைல் எண்",
    "email_address": "மின்னஞ்சல் முகவரி",
    "otp_sent_msg": "நீங்கள் பதிவு செய்த {{otpChannels}}க்கு OTP அனுப்பப்பட்டது",
    "resend_otp_counter": "OTPயை {{min}}:{{sec}} இல் மீண்டும் அனுப்பவும்",
    "mobile_placeholder": "மொபைல் எண்: {{mobileNumber}}",
    "email_placeholder": "மின்னஞ்சல் முகவரி: {{emailAddress}}",
    "mobile_email_placeholder": "மொபைல் எண்: {{mobileNumber}} மற்றும் மின்னஞ்சல் முகவரி: {{emailAddress}}"
  },
  "signInOption": {
    "login_option_heading": "நீங்கள் எப்படி உள்நுழைய வேண்டும் என்பதைத் தேர்வுசெய்யவும்:",
    "login_with": "{{option}} மூலம் உள்நுழைக",
    "PIN": "பின்",
    "Biometrics": "பயோமெட்ரிக்ஸ்",
    "BIO": "பயோமெட்ரிக்ஸ்",
    "QRCode": "க்யு ஆர் குறியீடு",
    "OTP": "OTP",
    "PWD": "கடவுச்சொல்",
    "preferred_mode_of_login": "விருப்பமான உள்நுழைவு முறையைத் தேர்ந்தெடுக்கவும்",
    "more_ways_to_sign_in": "உள்நுழைவதற்கான கூடுதல் வழிகள்"
  },
  "esignetDetails": {
    "esignet_details_heading": "Esignet நன்கு அறியப்பட்ட APIகள்",
    "internal_api": "உள் API",
    "wellknown_api": ".wellknown API"
  },
  "header": {
    "login_heading": "e-Signet மூலம் உள்நுழையவும்",
    "login_linkName": "முன்பதிவு",
    "more_ways_to_sign_in": "உள்நுழைவதற்கான கூடுதல் வழிகள்",
    "invalid_auth_factor": "தவறான அங்கீகார காரணிகள் தயவுசெய்து மீண்டும் முயற்சி செய்க...",
    "download_now": "இப்போது பதிவிறக்கவும்",
    "logo_alt": "e-Signet",
    "backgroud_image_alt": "e-Signet மூலம் உள்நுழையவும்",
    "language": "மொழி"
  },
  "tabs": {
    "pin_tab_name": "பின் மூலம் உள்நுழையவும்",
    "biometric_tab_name": "பயோமெட்ரிக்ஸ் மூலம் உள்நுழையவும்"
  },
  "loadingMsgs": {
    "redirecting_msg": "திசைதிருப்புதல். தயவுசெய்து காத்திருங்கள்...",
    "link_auth_waiting": "{{walletName}} மூலம் அங்கீகரிக்கவும். இந்தப் பக்கத்தைப் புதுப்பிக்க வேண்டாம்.",
    "authenticating_msg": "அங்கீகரிக்கிறது. தயவுசெய்து காத்திருங்கள்...",
    "scanning_devices_msg": "ஸ்கேனிங் சாதனங்கள். தயவுசெய்து காத்திருங்கள்...",
    "capture_initiated_msg": "{{modality}} பிடிப்பு {{deviceModel}} இல் தொடங்கப்பட்டது",
    "sending_otp_msg": "OTP அனுப்புகிறது. தயவுசெய்து காத்திருங்கள்...",
    "loading_msg": "ஏற்றுகிறது. தயவுசெய்து காத்திருங்கள்..."
  },
  "tooltips": {
    "vid_tooltip": "இந்த புலத்தை நிரப்பவும்"
  },
  "errors": {
    "no_response_msg": "இல்லை பதில்",
    "no_devices_found_msg": "சாதனம் கிடைக்கவில்லை. இணைப்பைச் சரிபார்த்து மீண்டும் முயற்சிக்கவும்.",
    "link_code_refresh_failed": "ஏற்றுவதில் தோல்வி",
    "link_code_status_failed": "ஏற்றுவதில் தோல்வி",
    "failed_to_link": "இணைப்பதில் தோல்வி",
    "qr_code_expired": "QR குறியீடு காலாவதியானது",
    "authorization_failed": "அங்கீகரிக்க முடியவில்லை",
    "device_disc_failed": "சாதனத்தைக் கண்டுபிடிப்பதில் தோல்வி",
    "device_not_found_msg": "சாதனம் கிடைக்கவில்லை",
    "biometric_capture_failed_msg": "பயோமெட்ரிக் பிடிப்பு தோல்வியடைந்தது",
    "authentication_failed_msg": "அங்கீகரிப்பு தோல்வியுற்றது",
    "send_otp_failed_msg": "OTP ஐ அனுப்ப முடியவில்லை",
    "parsing_error_msg": "அலச முடியவில்லை",
    "Network Error": "நெட்வொர்க் பிழை",
    "invalid_request": "தவறான கோரிக்கை",
    "invalid_client_id": "தவறான கிளையன்ட் அடையாளங்காட்டி",
    "invalid_client_name": "தவறான வாடிக்கையாளர் பெயர்",
    "invalid_uri": "தவறான வலைதள முகவரி",
    "invalid_rp_id": "தவறான சார்பு கட்சி அடையாளங்காட்டி",
    "invalid_response_type": "தவறான/ஆதரவற்ற பதில் வகை",
    "invalid_grant_type": "தவறான/ஆதரவற்ற மானிய வகை",
    "invalid_scope": "தவறான/ஆதரவற்ற நோக்கம்",
    "invalid_redirect_uri": "தவறான வழிமாற்று URL",
    "invalid_display": "தவறான/ஆதரவற்ற காட்சி",
    "invalid_prompt": "தவறான/ஆதரவற்ற UI ப்ராம்ட்",
    "invalid_assertion_type": "தவறான/ஆதரவற்ற கிளையன்ட் வலியுறுத்தல் வகை",
    "invalid_client_auth": "தவறான/ஆதரவற்ற கிளையன்ட் அங்கீகார வகைகள்",
    "invalid_transaction": "தவறான பரிவர்த்தனை அல்லது பரிவர்த்தனை காலாவதியானது",
    "invalid_assertion": "தவறான கிளையண்ட் வலியுறுத்தல்",
    "invalid_acr": "தவறான/ஆதரவற்ற அங்கீகார சூழல் வகுப்பு குறிப்புகள்",
    "invalid_token": "தவறான/காலாவதியான அணுகல் டோக்கன்",
    "auth_failed": "அங்கீகரிப்பு தோல்வியுற்றது",
    "auth_passed": "அங்கீகாரம் வெற்றி",
    "acr_amr_mapping_not_found": "ACR-AMR மேப்பிங் கோப்பு கிடைக்கவில்லை",
    "no_acr_registered": "அங்கீகார சூழல் வகுப்பு குறிப்புகள் (ACR) பதிவு செய்யப்படவில்லை",
    "invalid_algorithm": "தவறான/ஆதரவற்ற ஹாஷிங் அல்காரிதம்",
    "unknown_error": "அறியப்படாத பிழை",
    "invalid_input": "தவறான உள்ளீடு",
    "duplicate_client_id": "நகல் கிளையண்ட் அடையாளங்காட்டி",
    "invalid_claim": "தவறான/ஆதரவற்ற பயனர் உரிமைகோரல்கள்",
    "invalid_public_key": "தவறான கிளையன்ட் பொது விசை",
    "send_otp_failed": "send-otp தோல்வியடைந்தது. தவறான/தெரியாத தனிநபர் ஐடி.",
    "missing_header": "கோரிக்கையில் தாங்கி டோக்கனுடன் தலைப்பு விடுபட்டது : அங்கீகாரம்.",
    "invalid_permitted_scope": "செல்லாத அங்கீகார நோக்கம் அனுமதிக்கப்பட்டது",
    "invalid_identifier": "தவறான தனிப்பட்ட அடையாளங்காட்டி வழங்கப்பட்டது.",
    "invalid_otp_channel": "தவறான OTP சேனல் வழங்கப்பட்டது.",
    "invalid_no_of_challenges": "பூஜ்ய அல்லது வெற்று அங்கீகார சவால்கள் அனுமதிக்கப்படாது.",
    "invalid_transaction_id": "பூஜ்ய அல்லது வெற்று பரிவர்த்தனைஐடி அனுமதிக்கப்படவில்லை.",
    "invalid_auth_factor_type": "பூஜ்ய அல்லது வெற்று அங்கீகார காரணி வகை அனுமதிக்கப்படவில்லை.",
    "invalid_challenge": "அங்கீகார சவால் தேவை.",
    "invalid_status": "ஆதரிக்கப்படாத நிலை மதிப்பு வழங்கப்பட்டது.",
    "invalid_accepted_claim": "தவறான பயனர் உரிமைகோரல்கள் ஏற்கப்பட்டன",
    "invalid_auth_code": "தவறான அங்கீகாரக் குறியீடு வழங்கப்பட்டுள்ளது.",
    "auth_factor_mismatch": "வழங்கப்பட்ட அங்கீகார காரணிகள் தீர்க்கப்பட்ட அங்கீகார காரணிகளுடன் பொருந்தவில்லை.",
    "unsupported_id_format": "ஆதரிக்கப்படாத ஐடி வடிவம்.",
    "link_code_gen_failed": "இணைப்புக் குறியீட்டை உருவாக்குவதில் தோல்வி. மீண்டும் முயற்சி செய்.",
    "invalid_link_code": "தவறான இணைப்புக் குறியீடு.",
    "transaction_not_found": "பரிவர்த்தனை கிடைக்கவில்லை.",
    "transaction_already_linked": "பரிவர்த்தனை ஏற்கனவே இணைக்கப்பட்டுள்ளது.",
    "subscription_failed": "காஃப்கா தலைப்புக்கு குழுசேர முடியவில்லை.",
    "response_timeout": "ஒத்திவைக்கப்பட்ட பதில் காலக்கெடு.",
    "invalid_state": "செல்லாத நிலையில் பரிவர்த்தனை கண்டறியப்பட்டது.",
    "authorization_failed_msg": "அங்கீகாரம் தோல்வி",
    "consent_request_rejected": "ஒப்புதல் கோரிக்கை நிராகரிக்கப்பட்டது",
    "invalid_bind_auth_factor_type": "தவறான பிணைப்பு அங்கீகார காரணி வகை.",
    "json_processing_error": "Json செயலாக்க பிழை.",
    "invalid_auth_challenge": "தவறான அங்கீகார சவால்.",
    "invalid_wfa_token": "தவறான WLA டோக்கன்.",
    "failed_to_create_jwe": "வாலட் பயனர் அடையாளங்காட்டியை குறியாக்கத் தவறிவிட்டது.",
    "no_unique_alias": "முக்கியமான தரவைப் பாதுகாக்க கேச் விசையை கண்டுபிடிக்க முடியவில்லை.",
    "aes_cipher_failed": "உணர்திறன் தரவு கிரிப்டோ செயல்பாடு தற்காலிக சேமிப்பில் தோல்வியடைந்தது.",
    "key_binding_failed": "விசை பிணைப்பு தோல்வியடைந்தது.",
    "binding_not_found": "விசை பிணைப்பு காணப்படவில்லை.",
    "unknown_wla_format": "தெரியாத WLA வடிவம்.",
    "unbound_auth_factor": "விசை வழங்கப்பட்ட அங்கீகார காரணிக்கு கட்டுப்படவில்லை.",
    "sha256_thumbprint_header_missing": "WLA டோக்கனில் X5T#S256 தலைப்பு இல்லை.",
    "invalid_challenge_format": "தவறான அங்கீகார சவால் வடிவம் காணப்படுகிறது.",
    "link_code_limit_reached": "பரிவர்த்தனை வரம்புக்கு அனுமதிக்கப்பட்ட இணைப்புக் குறியீட்டின் எண்ணிக்கை.",
    "failed_to_generate_header_hash": "OAuth-details-hash http தலைப்பு மதிப்பை உருவாக்குவதில் தோல்வி.",
    "invalid_individual_id": "தவறான தனிப்பட்ட ஐடி",
    "invalid_pin": "தவறான பின்",
    "invalid_email": "தவறான மின்னஞ்சல் ஐடி",
    "invalid_phone": "தவறான தொலைபேசி எண்",
    "invalid_encoded_photo": "தவறான குறியிடப்பட்ட புகைப்படம்",
    "invalid_postalcode": "தவறான அஞ்சல் குறியீடு",
    "invalid_date_of_birth": "தவறான பிறந்த தேதி",
    "invalid_fullname": "தவறான முழுப்பெயர்",
    "invalid_gender": "தவறான பாலினம்",
    "invalid_street_address": "தவறான தெரு முகவரி",
    "invalid_locality": "தவறான இடம்",
    "invalid_region": "தவறான பகுதி",
    "invalid_country": "தவறான நாடு",
    "invalid_biometrics": "தவறான பயோமெட்ரிக்ஸ்",
    "invalid_format": "தவறான வடிவம்",
    "invalid_version": "தவறான பதிப்பு",
    "invalid_value": "தவறான மதிப்பு",
    "invalid_language_code": "தவறான மொழி குறியீடு",
    "invalid_client_name_value": "தவறான கிளையன்ட் பெயர் மதிப்பு",
    "duplicate_individual_id": "தனிப்பட்ட ஐடி ஏற்கனவே உள்ளது.",
    "password_error_msg": "தவறான கடவுச்சொல்",
    "invalid_qrcode_config": "தவறான QRCode உள்ளமைவு. தள நிர்வாகியிடம் புகாரளிக்கவும்.",
    "data_exchange_failed": "KYC தரவு பரிமாற்றம் தோல்வியடைந்தது.",
    "kyc_signing_certificate_failed": "KYC கையெழுத்திடும் சான்றிதழ்கள் (அங்கீகார அமைப்பு) பெறுவதில் தோல்வி.",
    "binding_auth_failed": "முக்கிய கட்டுப்பாட்டு அங்கீகாரம் (இணைக்கப்பட்ட-வாலட்) தோல்வியடைந்தது.",
    "captcha_validator_not_found": "கேப்ட்சா வேலிடேட்டர் உதாரணத்தைக் கண்டுபிடிப்பதில் தோல்வி, தயவுசெய்து கிளாஸ் பாதையை சரிபார்க்கவும்.",
    "invalid_captcha": "தவறான கேப்ட்சா காணப்பட்டது.",
    "invalid_auth_factor_type_or_challenge_format": "தவறான அங்கீகார காரணி வகை அல்லது சவால் வடிவம்.",
    "unsupported_pkce_challenge_method": "ஆதரிக்கப்படாத ஆதாரம் முக்கிய சவால் பரிமாற்ற முறை.",
    "invalid_pkce_challenge": "தவறான ஆதாரம் முக்கிய சவால்.",
    "invalid_pkce_code_verifier": "தவறான ஆதாரம் விசை குறியீடு சரிபார்ப்பு.",
    "pkce_failed": "ஆதாரம் முக்கிய சவால் பரிமாற்றம் தோல்வியடைந்தது.",
    "unsupported_credential_format": "கோரப்பட்ட நற்சான்றிதழ் வடிவம் ஆதரிக்கப்படவில்லை.",
    "invalid_vc_format": "தவறான வி.சி வடிவம்.",
    "invalid_proof": "கோரிக்கையில் காணப்படும் தவறான ஆதாரம்.",
    "unsupported_proof_type": "நற்சான்றிதழ் கோரிக்கையில் உள்ள ஆதாரம் ஆதரிக்கப்படாத வகையுடன் உள்ளது.",
    "unsupported_credential_type": "கோரப்பட்ட நற்சான்றிதழ் வகை ஆதரிக்கப்படவில்லை.",
    "vc_issuance_failed": "வி.சி வெளியீடு தோல்வியடைந்தது.",
    "proof_header_invalid_typ": "ஆதார தலைப்பு வகை உரிமைகோரலில் தவறான மதிப்பு.",
    "proof_header_invalid_alg": "ஆதார தலைப்பு ALG உரிமைகோரலில் தவறான மதிப்பு.",
    "proof_header_invalid_key": "ஆதார தலைப்பில் தவறான மதிப்பு JWK/KID உரிமைகோரல்.",
    "proof_header_ambiguous_key": "ஆதாரத் தலைப்பு JWK/KID உரிமைகோரலில் தவறான மதிப்பு, அவற்றில் ஒன்று மட்டுமே அனுமதிக்கப்படுகிறது.",
    "proof_invalid_iss": "ஆதாரத்தில் தவறான மதிப்பு poolail payload iss உரிமைகோரல்.",
    "proof_invalid_aud": "ஆதாரம் பேலோட் ஆட் உரிமைகோரலில் தவறான மதிப்பு.",
    "proof_invalid_iat": "ஆதாரமான பேலோட் IAT உரிமைகோரலில் தவறான மதிப்பு.",
    "proof_invalid_nonce": "ஆதாரத்தில் தவறான மதிப்பு payload nonce உரிமைகோரல்.",
    "0": "வெற்றி",
    "100": "சாதனம் பதிவு செய்யப்படவில்லை",
    "101": "பயோமெட்ரிக் பொருளைக் கண்டறிய முடியவில்லை",
    "102": "பிரித்தெடுக்கும் போது தொழில்நுட்ப பிழை.",
    "103": "சாதன சேதம் கண்டறியப்பட்டது",
    "104": "நிர்வாக சேவையகத்துடன் இணைக்க முடியவில்லை",
    "105": "படத்தின் நோக்குநிலை பிழை",
    "106": "சாதனம் கிடைக்கவில்லை",
    "107": "சாதன பொது விசை காலாவதியானது",
    "108": "டொமைன் பொது விசை இல்லை",
    "109": "கோரப்பட்ட பயோமெட்ரிக் எண்ணிக்கை (விரல்/IRIS) ஆதரிக்கப்படவில்லை",
    "IDA-MLC-002": "தவறான UIN",
    "IDA-MLC-003": "UIN செயலிழக்கப்பட்டது",
    "IDA-MLC-004": "தவறான VID",
    "IDA-MLC-005": "தவறான ஐடி",
    "IDA-MLC-014": "அறிவிப்பு சேனல் பதிவு செய்யப்படவில்லை. தனிநபர் பதிவு செய்து மீண்டும் முயற்சிக்க வேண்டும்",
    "IDA-OTA-001": "எண்ணற்ற OTP கோரிக்கைகள் பெறப்பட்டன",
    "IDA-OTA-002": "OTP ஐ உருவாக்க/அனுப்ப முடியவில்லை",
    "IDA-OTA-003": "OTP காலாவதியானது",
    "IDA-OTA-004": "OTP தவறானது",
    "IDA-OTA-005": "உள்ளீடு பரிமாற்ற ஐடி OTP கோரிக்கையின் பரிவர்த்தனை ஐடியுடன் பொருந்தவில்லை",
    "IDA-MLC-006": "உள்ளீட்டு அளவுரு இல்லை",
    "IDA-MLC-007": "கோரிக்கையைச் செயல்படுத்த முடியவில்லை. தயவுசெய்து மீண்டும் முயற்சி செய்க",
    "IDA-DEA-001": "மக்கள்தொகை தரவு பொருந்தவில்லை",
    "IDA-MLC-001": "Request to be received at MOSIP within<x> hrs/min",
    "IDA-DEA-002": "ஆதரிக்கப்படாத மொழிக் குறியீடு",
    "IDA-MLC-013": "பண்புக்கூறுகள் இல்லை",
    "IDA-BIA-001": "பயோமெட்ரிக் தரவு பொருந்தவில்லை",
    "IDA-BIA-002": "கோரிக்கையில் நகல் விரல்கள்.",
    "IDA-BIA-003": "FMR இன் எண்ணிக்கை 2 ஐ விட அதிகமாக இருக்கக்கூடாது.",
    "IDA-BIA-004": "சாதனம் MOSIP இல் பதிவு செய்யப்படவில்லை",
    "IDA-BIA-005": "சாதன வழங்குநர் MOSIP உடன் பதிவு செய்யப்படவில்லை",
    "IDA-BIA-006": "பயோமெட்ரிக் தரவு கிடைக்கவில்லை.",
    "IDA-BIA-007": "கோரிக்கையில் டூப்ளிகேட் ஐரிஸ்.",
    "IDA-BIA-008": "IIR இன் எண்ணிக்கை 2 ஐ விட அதிகமாக இருக்கக்கூடாது.",
    "IDA-DEA-003": "மக்கள்தொகை தரவு கிடைக்கவில்லை.",
    "IDA-EKA-002": "அச்சு வடிவ கோரிக்கையில் தவறான மதிப்பு",
    "IDA-MPA-013": "eKYC க்கு கூட்டாளர் அங்கீகரிக்கப்படாதவர்",
    "IDA-MPA-001": "டிஜிட்டல் கையொப்ப சரிபார்ப்பு தோல்வியடைந்தது.",
    "IDA-MPA-002": "டிஜிட்டல் கையொப்பத்தில் தவறான சான்றிதழ்.",
    "IDA-MPA-003": "கோரிக்கையை மறைகுறியாக்க முடியவில்லை.",
    "IDA-MLC-009": "தவறான உள்ளீட்டு அளவுரு",
    "IDA-OTA-006": "OTP உருவாக்க UIN பூட்டப்பட்டுள்ளது. பிறகு முயற்சிக்கவும்",
    "IDA-OTA-007": "தவறான OTP சோதனைகளின் எண்ணிக்கையை மீறுவதால் OTP சரிபார்ப்பிற்காக UIN பூட்டப்பட்டுள்ளது",
    "IDA-BIA-009": "FID பதிவுகளின் எண்ணிக்கை 1 ஐ விட அதிகமாக இருக்கக்கூடாது.",
    "IDA-MLC-008": "அங்கீகார வகை எதுவும் தேர்ந்தெடுக்கப்படவில்லை",
    "IDA-MLC-010": "விஐடி செயலிழக்கப்பட்டது",
    "IDA-MLC-011": "ஆதரிக்கப்படாத அங்கீகார வகை",
    "IDA-MPA-004": "MOSIP பொது விசை காலாவதியானது.",
    "IDA-MPA-005": "கொள்கையின்படி OTP கோரிக்கை பயன்பாடு அனுமதிக்கப்படவில்லை",
    "IDA-MPA-006": "கொள்கையின்படி அங்கீகார வகை அனுமதிக்கப்படவில்லை",
    "IDA-MPA-007": "உரிம விசை பதிவுசெய்யப்பட்ட MISP க்கு சொந்தமானது அல்ல",
    "IDA-MPA-008": "MISP இன் உரிம விசை காலாவதியானது",
    "IDA-MPA-009": "கூட்டாளர் பதிவு செய்யப்படவில்லை",
    "IDA-MPA-010": "MISP மற்றும் பார்ட்னர் வரைபடமாக்கப்படவில்லை",
    "IDA-MPA-011": "MISP இன் உரிம விசை இடைநிறுத்தப்பட்டுள்ளது",
    "IDA-MPA-012": "கூட்டாளர் செயலிழக்கச் செய்யப்பட்டுள்ளார்",
    "IDA-MLC-012": "தனிநபரின் ஒப்புதல் கிடைக்கவில்லை",
    "IDA-MPA-014": "எந்தவொரு கொள்கையுடனும் கூட்டாளர் நியமிக்கப்படவில்லை",
    "IDA-MPA-015": "கொள்கையின்படி கட்டாய அங்கீகாரம் செய்யப்படவில்லை",
    "IDA-MPA-016": "HMAC சரிபார்ப்பு தோல்வியடைந்தது",
    "IDA-OTA-008": "OTP அறிவிப்பு சேனல் வழங்கப்படவில்லை.",
    "IDA-BIA-010": "ஒற்றை FMR பதிவில் ஒன்றுக்கும் மேற்பட்ட விரல்கள் உள்ளன.",
    "IDA-BIA-011": "தவறான பயோமெட்ரிக் தரவு",
    "IDA-MPA-017": "MISP இன் உரிம விசை தடுக்கப்பட்டது",
    "IDA-MLC-015": "அடையாள வகை ஆதரிக்கப்படவில்லை",
    "IDA-OTA-009": "அறிவிப்பு சேனல் உள்ளமைக்கப்படவில்லை",
    "IDA-MLC-016": "கோரிக்கையில் உள்ள பரிவர்த்தனை ஐடி அளவுருக்கள் பொருந்தவில்லை",
    "IDA-BIA-013": "FMR இன் எண்ணிக்கை 10க்கு மிகாமல் இருக்க வேண்டும்.",
    "IDA-EKA-001": "eKYC பதிலை குறியாக்கம் செய்ய முடியவில்லை",
    "IDA-OTA-010": "உள்ளீட்டு அடையாள வகை, OTP கோரிக்கையின் அடையாள வகையுடன் பொருந்தவில்லை",
    "IDA-MLC-017": "தவறான பயனர் ஐடி",
    "IDA-MLC-018": "பயனர் தரவு கிடைக்கவில்லை",
    "IDA-MLC-019": "அங்கீகரிப்பு முறை பூட்டப்பட்டுள்ளது",
    "IDA-MLC-020": "தரவை குறியாக்கம் செய்ய முடியவில்லை",
    "IDA-BIA-014": "ஹாஷ் சரிபார்ப்பு தோல்வியடைந்தது",
    "IDA-DPM-001": "சாதனம் MOSIP இல் பதிவு செய்யப்படவில்லை",
    "IDA-DPM-002": "MDS ஆனது MOSIP உடன் பதிவு செய்யப்படவில்லை",
    "IDA-DPM-003": "சாதன வழங்குநர் MOSIP இல் பதிவு செய்யப்படவில்லை",
    "IDA-MPA-018": "பாலிசி ஐடி பதிவுசெய்யப்பட்ட கூட்டாளருக்கு சொந்தமானது அல்ல",
    "IDA-BIA-016": "தொழில்நுட்பச் சிக்கல் காரணமாக தரச் சரிபார்ப்பைச் செய்ய முடியவில்லை",
    "IDA-BIA-017": "தொழில்நுட்பச் சிக்கலால் பயோமெட்ரிக் மேட்சைச் செய்ய முடியவில்லை",
    "IDA-BIA-018": "தொழில்நுட்பச் சிக்கல் காரணமாக கோரிக்கையைச் செயல்படுத்த முடியவில்லை",
    "IDA-BIA-015": "கையொப்ப சரிபார்ப்பு தோல்வியடைந்தது",
    "IDA-MLC-021": "HSM இலிருந்து விசையைப் பெறுவதில் தோல்வி",
    "IDA-MLC-022": "UIN செயலிழக்கப்பட்டது/தடுக்கப்பட்டது",
    "IDA-MLC-023": "VID காலாவதியானது/முடக்கப்பட்டது",
    "IDA-DPM-004": "சாதன வகை மற்றும் பயோமெட்ரிக் வகை பொருந்தவில்லை",
    "IDA-MLC-024": "கோரிக்கையின் டொமைன் பயோமெட்ரிக்ஸ் டொமைனுடன் பொருந்தவில்லை",
    "IDA-MLC-025": "கூட்டாளர் சான்றிதழ் கிடைக்கவில்லை",
    "IDA-OTA-011": "உள்ளீட்டு பார்ட்னர் ஐடி, OTP கோரிக்கையின் பார்ட்னர் ஐடியுடன் பொருந்தவில்லை",
    "IDA-MPA-019": "கூட்டாளர் கொள்கை செயலில் இல்லை",
    "IDA-IDV-001": "உள்ளீட்டு தரவு சரிபார்ப்பு தோல்வியடைந்தது",
    "IDA-RST-001": "URI காலியாக இருக்கக்கூடாது",
    "IDA-RST-002": "httpமுறை காலியாக உள்ளது அல்லது தவறானது",
    "IDA-RST-003": "ரிட்டர்ன் டைப் காலியாக உள்ளது",
    "IDA-RST-004": "ஓய்வு சேவையின் பெயர் காலியாக உள்ளது அல்லது தவறானது",
    "IDA-RST-005": "நேரம் முடிந்தது தவறானது",
    "IDA-RST-006": "4XX - கிளையண்ட் பிழை ஏற்பட்டது",
    "IDA-RST-007": "5XX - சர்வர் பிழை ஏற்பட்டது",
    "IDA-RST-008": "இணைப்பின் நேரம் முடிந்தது",
    "IDA-KBT-001": "வரையறுக்கப்பட்ட சான்றிதழ் காணப்படவில்லை",
    "IDA-KBT-002": "(iat)யில் வழங்கப்பட்ட கையொப்பமிடப்பட்ட டோக்கன் அனுமதிக்கப்பட்ட கால வரம்பில் இல்லை.",
    "IDA-KBT-003": "விசை இணைக்கப்பட்ட டோக்கனை சரிபார்ப்பதில் பிழை."
  }
}
